control_id,control_name,control_domain,control_type,control_owner,test_frequency,automated_control,design_effectiveness,operating_effectiveness,sample_size,failed_samples,last_test_date,next_test_date,linked_risk_id,deficiency_severity,test_status
C0001,Incident Response Control 0001,Incident Response,Detective,R. Gunawardena,Continuous,1,Effective,Needs Improvement,10,2,2025-04-10,2025-05-10,R04132,Low,Overdue
C0002,Incident Response Control 0002,Incident Response,Detective,T. Karunaratne,Quarterly,0,Effective,Ineffective,40,9,2026-01-18,2026-04-18,R01913,Low,Overdue
C0003,Access Control Control 0003,Access Control,Preventive,M. Wijesinghe,Quarterly,0,Effective,Needs Improvement,30,11,2026-06-28,2026-09-26,R00116,Low,Scheduled
C0004,Access Control Control 0004,Access Control,Corrective,A. Perera,Monthly,1,Effective,Needs Improvement,20,8,2026-05-30,2026-06-29,R04925,Medium,Overdue
C0005,Data Protection Control 0005,Data Protection,Preventive,D. Senanayake,Continuous,0,Effective,Effective,5,0,2026-07-14,2026-08-13,R02274,None,Overdue
C0006,Change Management Control 0006,Change Management,Preventive,A. Perera,Quarterly,1,Effective,Effective,40,0,2025-09-19,2025-12-18,R04314,None,Overdue
C0007,Incident Response Control 0007,Incident Response,Preventive,A. Perera,Quarterly,0,Effective,Needs Improvement,40,11,2026-05-13,2026-08-11,R02922,Low,Overdue
C0008,Data Protection Control 0008,Data Protection,Preventive,T. Karunaratne,Continuous,1,Effective,Not Tested,40,4,2025-05-16,2025-06-15,R04475,High,Overdue
C0009,Security Awareness Control 0009,Security Awareness,Detective,R. Gunawardena,Continuous,1,Effective,Needs Improvement,30,4,2025-04-18,2025-05-18,R03436,Medium,Overdue
C0010,Business Continuity Control 0010,Business Continuity,Detective,N. Silva,Annual,1,Needs Improvement,Effective,30,0,2026-07-11,2027-07-11,R01946,None,Scheduled
C0011,Incident Response Control 0011,Incident Response,Detective,N. Silva,Continuous,0,Effective,Effective,15,0,2026-05-20,2026-06-19,R01270,None,Overdue
C0012,Change Management Control 0012,Change Management,Preventive,N. Silva,Quarterly,1,Effective,Not Tested,5,2,2025-11-28,2026-02-26,R02658,Low,Overdue
C0013,Vulnerability Management Control 0013,Vulnerability Management,Preventive,T. Karunaratne,Quarterly,0,Ineffective,Effective,10,0,2025-08-30,2025-11-28,R00097,None,Overdue
C0014,Data Protection Control 0014,Data Protection,Preventive,K. Fernando,Quarterly,1,Effective,Effective,25,0,2026-07-24,2026-10-22,R02462,None,Scheduled
C0015,Third-Party Risk Control 0015,Third-Party Risk,Preventive,D. Senanayake,Quarterly,1,Effective,Effective,20,0,2025-05-04,2025-08-02,R00496,None,Overdue
C0016,Third-Party Risk Control 0016,Third-Party Risk,Preventive,R. Gunawardena,Monthly,1,Effective,Needs Improvement,40,12,2026-01-15,2026-02-14,R04151,Low,Overdue
C0017,Security Awareness Control 0017,Security Awareness,Preventive,S. Jayasinghe,Semi-Annual,0,Effective,Not Tested,5,1,2025-07-10,2026-01-06,R02320,Medium,Overdue
C0018,Vulnerability Management Control 0018,Vulnerability Management,Detective,S. Jayasinghe,Quarterly,0,Effective,Effective,30,0,2026-01-31,2026-05-01,R02964,None,Overdue
C0019,Third-Party Risk Control 0019,Third-Party Risk,Corrective,A. Perera,Continuous,1,Effective,Not Tested,30,8,2025-04-27,2025-05-27,R04991,Medium,Overdue
C0020,Access Control Control 0020,Access Control,Detective,D. Senanayake,Monthly,1,Needs Improvement,Effective,10,0,2025-09-28,2025-10-28,R03518,None,Overdue
C0021,Business Continuity Control 0021,Business Continuity,Corrective,M. Wijesinghe,Continuous,0,Effective,Effective,40,0,2026-02-13,2026-03-15,R03218,None,Overdue
C0022,Data Protection Control 0022,Data Protection,Preventive,A. Perera,Quarterly,0,Ineffective,Effective,15,0,2026-08-23,2026-11-21,R02060,None,Scheduled
C0023,Change Management Control 0023,Change Management,Corrective,M. Wijesinghe,Monthly,1,Ineffective,Ineffective,25,10,2026-02-04,2026-03-06,R02236,Low,Overdue
C0024,Security Awareness Control 0024,Security Awareness,Preventive,T. Karunaratne,Quarterly,1,Effective,Needs Improvement,10,1,2025-05-17,2025-08-15,R03139,Medium,Overdue
C0025,Third-Party Risk Control 0025,Third-Party Risk,Detective,T. Karunaratne,Monthly,1,Effective,Needs Improvement,30,3,2025-09-20,2025-10-20,R03646,Medium,Overdue
C0026,Security Awareness Control 0026,Security Awareness,Detective,T. Karunaratne,Quarterly,0,Ineffective,Not Tested,30,6,2025-12-31,2026-03-31,R00115,High,Overdue
C0027,Incident Response Control 0027,Incident Response,Detective,D. Senanayake,Annual,0,Effective,Effective,40,0,2026-05-11,2027-05-11,R02980,None,Scheduled
C0028,Business Continuity Control 0028,Business Continuity,Preventive,S. Jayasinghe,Monthly,0,Effective,Effective,5,0,2025-10-25,2025-11-24,R00701,None,Overdue
C0029,Security Awareness Control 0029,Security Awareness,Detective,T. Karunaratne,Annual,1,Effective,Effective,15,0,2026-05-22,2027-05-22,R02686,None,Scheduled
C0030,Business Continuity Control 0030,Business Continuity,Preventive,T. Karunaratne,Annual,0,Ineffective,Needs Improvement,30,6,2025-07-07,2026-07-07,R04358,Low,Overdue
C0031,Access Control Control 0031,Access Control,Corrective,A. Perera,Semi-Annual,1,Effective,Needs Improvement,10,1,2025-07-21,2026-01-17,R04013,High,Overdue
C0032,Incident Response Control 0032,Incident Response,Preventive,M. Wijesinghe,Continuous,0,Needs Improvement,Not Tested,20,7,2026-03-22,2026-04-21,R00394,Low,Overdue
C0033,Security Awareness Control 0033,Security Awareness,Preventive,D. Senanayake,Quarterly,1,Effective,Effective,10,0,2025-07-28,2025-10-26,R00274,None,Overdue
C0034,Data Protection Control 0034,Data Protection,Preventive,R. Gunawardena,Continuous,0,Effective,Effective,20,0,2025-03-26,2025-04-25,R01707,None,Overdue
C0035,Incident Response Control 0035,Incident Response,Detective,S. Jayasinghe,Annual,1,Effective,Effective,5,0,2025-12-15,2026-12-15,R01284,None,Scheduled
C0036,Third-Party Risk Control 0036,Third-Party Risk,Detective,M. Wijesinghe,Quarterly,0,Effective,Needs Improvement,40,5,2026-06-08,2026-09-06,R02592,Medium,Scheduled
C0037,Change Management Control 0037,Change Management,Corrective,D. Senanayake,Quarterly,1,Effective,Needs Improvement,15,6,2025-05-22,2025-08-20,R02216,High,Overdue
C0038,Change Management Control 0038,Change Management,Corrective,N. Silva,Continuous,1,Effective,Effective,25,0,2026-07-25,2026-08-24,R02494,None,Overdue
C0039,Vulnerability Management Control 0039,Vulnerability Management,Preventive,M. Wijesinghe,Quarterly,0,Effective,Effective,15,0,2025-08-18,2025-11-16,R02733,None,Overdue
C0040,Change Management Control 0040,Change Management,Detective,T. Karunaratne,Monthly,0,Needs Improvement,Effective,40,0,2026-02-18,2026-03-20,R00559,None,Overdue
C0041,Data Protection Control 0041,Data Protection,Detective,M. Wijesinghe,Annual,0,Needs Improvement,Effective,10,0,2026-01-19,2027-01-19,R00667,None,Scheduled
C0042,Data Protection Control 0042,Data Protection,Detective,A. Perera,Quarterly,1,Needs Improvement,Needs Improvement,25,7,2026-06-29,2026-09-27,R02667,Medium,Scheduled
C0043,Data Protection Control 0043,Data Protection,Detective,D. Senanayake,Quarterly,0,Effective,Effective,40,0,2026-01-27,2026-04-27,R04316,None,Overdue
C0044,Vulnerability Management Control 0044,Vulnerability Management,Preventive,D. Senanayake,Continuous,1,Effective,Effective,10,0,2025-03-21,2025-04-20,R03062,None,Overdue
C0045,Business Continuity Control 0045,Business Continuity,Detective,N. Silva,Quarterly,1,Effective,Needs Improvement,5,2,2025-08-15,2025-11-13,R04584,Medium,Overdue
C0046,Access Control Control 0046,Access Control,Preventive,R. Gunawardena,Semi-Annual,1,Effective,Effective,15,0,2026-05-27,2026-11-23,R01992,None,Scheduled
C0047,Security Awareness Control 0047,Security Awareness,Detective,T. Karunaratne,Continuous,1,Effective,Not Tested,20,6,2026-08-04,2026-09-03,R03678,Critical,Scheduled
C0048,Vulnerability Management Control 0048,Vulnerability Management,Detective,K. Fernando,Semi-Annual,0,Effective,Effective,5,0,2026-04-14,2026-10-11,R03484,None,Scheduled
C0049,Access Control Control 0049,Access Control,Detective,R. Gunawardena,Semi-Annual,1,Effective,Ineffective,10,3,2026-01-19,2026-07-18,R02911,Low,Overdue
C0050,Vulnerability Management Control 0050,Vulnerability Management,Detective,N. Silva,Continuous,1,Effective,Not Tested,10,3,2025-08-12,2025-09-11,R01690,High,Overdue
C0051,Third-Party Risk Control 0051,Third-Party Risk,Corrective,N. Silva,Quarterly,1,Effective,Effective,30,0,2026-05-25,2026-08-23,R01152,None,Overdue
C0052,Vulnerability Management Control 0052,Vulnerability Management,Detective,A. Perera,Quarterly,0,Effective,Effective,10,0,2026-08-21,2026-11-19,R04409,None,Scheduled
C0053,Business Continuity Control 0053,Business Continuity,Preventive,T. Karunaratne,Quarterly,0,Needs Improvement,Effective,40,0,2025-10-12,2026-01-10,R03006,None,Overdue
C0054,Data Protection Control 0054,Data Protection,Detective,T. Karunaratne,Monthly,0,Effective,Needs Improvement,40,6,2026-01-11,2026-02-10,R03849,High,Overdue
C0055,Data Protection Control 0055,Data Protection,Preventive,A. Perera,Continuous,0,Effective,Needs Improvement,40,5,2025-11-17,2025-12-17,R04455,Medium,Overdue
C0056,Business Continuity Control 0056,Business Continuity,Corrective,D. Senanayake,Semi-Annual,1,Effective,Needs Improvement,5,2,2026-02-17,2026-08-16,R03686,High,Overdue
C0057,Third-Party Risk Control 0057,Third-Party Risk,Preventive,R. Gunawardena,Continuous,1,Needs Improvement,Effective,40,0,2026-04-04,2026-05-04,R04952,None,Overdue
C0058,Business Continuity Control 0058,Business Continuity,Preventive,R. Gunawardena,Continuous,1,Effective,Ineffective,30,4,2026-02-17,2026-03-19,R04197,Medium,Overdue
C0059,Security Awareness Control 0059,Security Awareness,Preventive,K. Fernando,Monthly,0,Effective,Needs Improvement,20,4,2025-07-11,2025-08-10,R03714,Low,Overdue
C0060,Change Management Control 0060,Change Management,Preventive,R. Gunawardena,Monthly,1,Effective,Effective,5,0,2025-09-19,2025-10-19,R01370,None,Overdue
C0061,Change Management Control 0061,Change Management,Corrective,D. Senanayake,Continuous,0,Effective,Effective,25,0,2025-07-17,2025-08-16,R00796,None,Overdue
C0062,Third-Party Risk Control 0062,Third-Party Risk,Preventive,D. Senanayake,Quarterly,1,Effective,Effective,30,0,2026-06-17,2026-09-15,R04071,None,Scheduled
C0063,Change Management Control 0063,Change Management,Preventive,K. Fernando,Monthly,0,Effective,Effective,25,0,2025-03-31,2025-04-30,R00686,None,Overdue
C0064,Data Protection Control 0064,Data Protection,Detective,D. Senanayake,Monthly,0,Effective,Effective,30,0,2025-08-23,2025-09-22,R02730,None,Overdue
C0065,Change Management Control 0065,Change Management,Detective,K. Fernando,Annual,1,Effective,Effective,30,0,2025-12-01,2026-12-01,R02717,None,Scheduled
C0066,Third-Party Risk Control 0066,Third-Party Risk,Corrective,D. Senanayake,Continuous,0,Effective,Needs Improvement,20,3,2026-08-22,2026-09-21,R01393,Low,Scheduled
C0067,Third-Party Risk Control 0067,Third-Party Risk,Detective,K. Fernando,Quarterly,1,Effective,Effective,20,0,2026-07-31,2026-10-29,R01878,None,Scheduled
C0068,Vulnerability Management Control 0068,Vulnerability Management,Detective,S. Jayasinghe,Annual,0,Needs Improvement,Not Tested,10,4,2025-11-01,2026-11-01,R02508,Low,Scheduled
C0069,Third-Party Risk Control 0069,Third-Party Risk,Detective,A. Perera,Continuous,0,Effective,Effective,10,0,2026-03-16,2026-04-15,R02332,None,Overdue
C0070,Access Control Control 0070,Access Control,Preventive,M. Wijesinghe,Quarterly,0,Effective,Needs Improvement,5,2,2026-03-27,2026-06-25,R03782,Medium,Overdue
C0071,Change Management Control 0071,Change Management,Detective,N. Silva,Monthly,0,Effective,Needs Improvement,25,6,2026-04-27,2026-05-27,R01505,High,Overdue
C0072,Data Protection Control 0072,Data Protection,Preventive,A. Perera,Semi-Annual,1,Effective,Not Tested,15,7,2026-03-24,2026-09-20,R00674,Medium,Scheduled
C0073,Security Awareness Control 0073,Security Awareness,Detective,A. Perera,Quarterly,1,Effective,Effective,40,0,2026-04-30,2026-07-29,R00539,None,Overdue
C0074,Security Awareness Control 0074,Security Awareness,Detective,M. Wijesinghe,Annual,0,Effective,Ineffective,20,4,2026-01-10,2027-01-10,R00019,Low,Scheduled
C0075,Access Control Control 0075,Access Control,Preventive,R. Gunawardena,Semi-Annual,1,Effective,Effective,15,0,2025-10-11,2026-04-09,R01524,None,Overdue
C0076,Business Continuity Control 0076,Business Continuity,Corrective,K. Fernando,Semi-Annual,1,Effective,Needs Improvement,5,1,2026-01-11,2026-07-10,R01356,Low,Overdue
C0077,Vulnerability Management Control 0077,Vulnerability Management,Preventive,K. Fernando,Quarterly,0,Ineffective,Needs Improvement,30,5,2026-02-15,2026-05-16,R04567,Medium,Overdue
C0078,Vulnerability Management Control 0078,Vulnerability Management,Corrective,N. Silva,Annual,1,Effective,Needs Improvement,30,5,2025-08-24,2026-08-24,R01373,Low,Overdue
C0079,Security Awareness Control 0079,Security Awareness,Preventive,T. Karunaratne,Monthly,0,Effective,Not Tested,20,5,2026-08-02,2026-09-01,R02064,Low,Scheduled
C0080,Data Protection Control 0080,Data Protection,Preventive,D. Senanayake,Annual,0,Effective,Not Tested,10,2,2026-04-29,2027-04-29,R03746,Low,Scheduled
C0081,Business Continuity Control 0081,Business Continuity,Detective,R. Gunawardena,Monthly,1,Effective,Needs Improvement,40,12,2025-11-15,2025-12-15,R01540,Medium,Overdue
C0082,Incident Response Control 0082,Incident Response,Preventive,D. Senanayake,Semi-Annual,0,Needs Improvement,Effective,25,0,2026-06-23,2026-12-20,R00104,None,Scheduled
C0083,Change Management Control 0083,Change Management,Preventive,D. Senanayake,Continuous,0,Effective,Needs Improvement,5,2,2026-05-01,2026-05-31,R00210,Medium,Overdue
C0084,Incident Response Control 0084,Incident Response,Preventive,K. Fernando,Quarterly,0,Needs Improvement,Not Tested,5,1,2025-03-31,2025-06-29,R04749,High,Overdue
C0085,Access Control Control 0085,Access Control,Detective,D. Senanayake,Continuous,0,Effective,Needs Improvement,30,3,2026-02-22,2026-03-24,R02788,Low,Overdue
C0086,Third-Party Risk Control 0086,Third-Party Risk,Corrective,A. Perera,Monthly,0,Ineffective,Effective,20,0,2026-03-06,2026-04-05,R02873,None,Overdue
C0087,Access Control Control 0087,Access Control,Detective,N. Silva,Continuous,1,Effective,Effective,15,0,2025-03-20,2025-04-19,R02090,None,Overdue
C0088,Third-Party Risk Control 0088,Third-Party Risk,Corrective,D. Senanayake,Monthly,1,Effective,Not Tested,15,1,2025-03-28,2025-04-27,R03889,Medium,Overdue
C0089,Data Protection Control 0089,Data Protection,Preventive,T. Karunaratne,Quarterly,0,Effective,Needs Improvement,10,3,2026-03-03,2026-06-01,R00222,Low,Overdue
C0090,Incident Response Control 0090,Incident Response,Preventive,D. Senanayake,Continuous,0,Effective,Effective,15,0,2025-12-25,2026-01-24,R01021,None,Overdue
C0091,Vulnerability Management Control 0091,Vulnerability Management,Detective,S. Jayasinghe,Quarterly,1,Effective,Needs Improvement,40,13,2026-07-19,2026-10-17,R04356,Medium,Scheduled
C0092,Data Protection Control 0092,Data Protection,Preventive,K. Fernando,Continuous,0,Effective,Needs Improvement,15,2,2026-08-04,2026-09-03,R00914,Low,Scheduled
C0093,Change Management Control 0093,Change Management,Preventive,M. Wijesinghe,Quarterly,1,Effective,Not Tested,15,1,2026-04-20,2026-07-19,R00113,Medium,Overdue
C0094,Vulnerability Management Control 0094,Vulnerability Management,Corrective,M. Wijesinghe,Quarterly,1,Effective,Effective,20,0,2026-08-09,2026-11-07,R02811,None,Scheduled
C0095,Change Management Control 0095,Change Management,Detective,R. Gunawardena,Semi-Annual,1,Effective,Not Tested,10,4,2026-08-24,2027-02-20,R01589,Critical,Scheduled
C0096,Vulnerability Management Control 0096,Vulnerability Management,Corrective,S. Jayasinghe,Semi-Annual,0,Ineffective,Ineffective,25,5,2025-12-23,2026-06-21,R00161,Low,Overdue
C0097,Third-Party Risk Control 0097,Third-Party Risk,Corrective,N. Silva,Continuous,0,Effective,Needs Improvement,20,5,2025-12-17,2026-01-16,R02137,Low,Overdue
C0098,Vulnerability Management Control 0098,Vulnerability Management,Preventive,R. Gunawardena,Semi-Annual,1,Effective,Effective,30,0,2025-07-08,2026-01-04,R03146,None,Overdue
C0099,Change Management Control 0099,Change Management,Preventive,D. Senanayake,Semi-Annual,0,Effective,Effective,30,0,2025-04-26,2025-10-23,R00889,None,Overdue
C0100,Third-Party Risk Control 0100,Third-Party Risk,Preventive,K. Fernando,Continuous,0,Effective,Needs Improvement,15,6,2025-06-21,2025-07-21,R01445,Medium,Overdue
C0101,Data Protection Control 0101,Data Protection,Preventive,R. Gunawardena,Quarterly,1,Effective,Not Tested,30,11,2025-03-22,2025-06-20,R02087,High,Overdue
C0102,Access Control Control 0102,Access Control,Preventive,A. Perera,Annual,0,Effective,Ineffective,10,1,2026-03-13,2027-03-13,R03607,High,Scheduled
C0103,Security Awareness Control 0103,Security Awareness,Preventive,A. Perera,Continuous,0,Effective,Effective,20,0,2026-08-11,2026-09-10,R03775,None,Scheduled
C0104,Data Protection Control 0104,Data Protection,Preventive,M. Wijesinghe,Monthly,1,Effective,Effective,40,0,2026-07-09,2026-08-08,R01082,None,Overdue
C0105,Vulnerability Management Control 0105,Vulnerability Management,Preventive,R. Gunawardena,Continuous,1,Effective,Ineffective,15,5,2025-07-05,2025-08-04,R00379,Medium,Overdue
C0106,Third-Party Risk Control 0106,Third-Party Risk,Detective,K. Fernando,Monthly,1,Needs Improvement,Ineffective,40,12,2026-05-02,2026-06-01,R04873,Medium,Overdue
C0107,Vulnerability Management Control 0107,Vulnerability Management,Preventive,N. Silva,Monthly,1,Needs Improvement,Effective,15,0,2026-06-20,2026-07-20,R01120,None,Overdue
C0108,Data Protection Control 0108,Data Protection,Detective,K. Fernando,Semi-Annual,0,Effective,Effective,15,0,2025-05-01,2025-10-28,R03012,None,Overdue
C0109,Business Continuity Control 0109,Business Continuity,Preventive,D. Senanayake,Quarterly,1,Effective,Needs Improvement,25,9,2025-10-26,2026-01-24,R01559,Medium,Overdue
C0110,Business Continuity Control 0110,Business Continuity,Preventive,D. Senanayake,Quarterly,1,Effective,Effective,10,0,2025-04-02,2025-07-01,R01053,None,Overdue
C0111,Incident Response Control 0111,Incident Response,Preventive,N. Silva,Semi-Annual,0,Effective,Effective,20,0,2025-12-24,2026-06-22,R03064,None,Overdue
C0112,Access Control Control 0112,Access Control,Preventive,D. Senanayake,Quarterly,0,Effective,Effective,40,0,2026-05-12,2026-08-10,R01836,None,Overdue
C0113,Security Awareness Control 0113,Security Awareness,Preventive,A. Perera,Continuous,1,Effective,Effective,10,0,2025-08-12,2025-09-11,R01466,None,Overdue
C0114,Business Continuity Control 0114,Business Continuity,Preventive,M. Wijesinghe,Quarterly,1,Needs Improvement,Effective,5,0,2025-08-11,2025-11-09,R00737,None,Overdue
C0115,Incident Response Control 0115,Incident Response,Corrective,N. Silva,Semi-Annual,1,Effective,Needs Improvement,25,10,2025-07-12,2026-01-08,R01083,Low,Overdue
C0116,Data Protection Control 0116,Data Protection,Preventive,S. Jayasinghe,Quarterly,0,Needs Improvement,Effective,40,0,2025-06-04,2025-09-02,R02627,None,Overdue
C0117,Data Protection Control 0117,Data Protection,Preventive,D. Senanayake,Continuous,0,Effective,Ineffective,40,11,2026-01-15,2026-02-14,R01128,High,Overdue
C0118,Change Management Control 0118,Change Management,Detective,M. Wijesinghe,Quarterly,1,Effective,Needs Improvement,15,4,2025-05-26,2025-08-24,R01449,Low,Overdue
C0119,Security Awareness Control 0119,Security Awareness,Preventive,M. Wijesinghe,Monthly,0,Needs Improvement,Not Tested,5,1,2025-08-24,2025-09-23,R01217,Critical,Overdue
C0120,Business Continuity Control 0120,Business Continuity,Preventive,R. Gunawardena,Continuous,0,Effective,Effective,15,0,2025-12-29,2026-01-28,R00478,None,Overdue
C0121,Incident Response Control 0121,Incident Response,Detective,A. Perera,Semi-Annual,1,Effective,Ineffective,15,3,2026-03-18,2026-09-14,R04377,Medium,Scheduled
C0122,Change Management Control 0122,Change Management,Preventive,N. Silva,Annual,1,Ineffective,Effective,30,0,2026-08-24,2027-08-24,R03167,None,Scheduled
C0123,Incident Response Control 0123,Incident Response,Preventive,R. Gunawardena,Continuous,0,Effective,Needs Improvement,20,7,2025-05-07,2025-06-06,R04500,Medium,Overdue
C0124,Incident Response Control 0124,Incident Response,Preventive,T. Karunaratne,Quarterly,1,Effective,Needs Improvement,5,2,2025-05-14,2025-08-12,R04569,Medium,Overdue
C0125,Vulnerability Management Control 0125,Vulnerability Management,Preventive,S. Jayasinghe,Annual,0,Effective,Effective,5,0,2025-12-23,2026-12-23,R03263,None,Scheduled
C0126,Incident Response Control 0126,Incident Response,Preventive,T. Karunaratne,Quarterly,0,Needs Improvement,Effective,40,0,2025-04-22,2025-07-21,R02903,None,Overdue
C0127,Security Awareness Control 0127,Security Awareness,Detective,M. Wijesinghe,Annual,1,Effective,Effective,25,0,2025-09-26,2026-09-26,R00360,None,Scheduled
C0128,Third-Party Risk Control 0128,Third-Party Risk,Detective,T. Karunaratne,Continuous,0,Effective,Needs Improvement,5,2,2025-04-14,2025-05-14,R04856,Low,Overdue
C0129,Access Control Control 0129,Access Control,Detective,R. Gunawardena,Quarterly,0,Needs Improvement,Effective,15,0,2025-10-17,2026-01-15,R03395,None,Overdue
C0130,Vulnerability Management Control 0130,Vulnerability Management,Preventive,S. Jayasinghe,Semi-Annual,0,Effective,Needs Improvement,25,5,2025-08-21,2026-02-17,R00650,Medium,Overdue
C0131,Third-Party Risk Control 0131,Third-Party Risk,Detective,S. Jayasinghe,Annual,0,Needs Improvement,Not Tested,30,4,2026-04-29,2027-04-29,R00888,Low,Scheduled
C0132,Change Management Control 0132,Change Management,Preventive,D. Senanayake,Quarterly,1,Effective,Effective,10,0,2025-08-17,2025-11-15,R04503,None,Overdue
C0133,Third-Party Risk Control 0133,Third-Party Risk,Corrective,A. Perera,Annual,0,Effective,Effective,5,0,2026-03-11,2027-03-11,R00781,None,Scheduled
C0134,Business Continuity Control 0134,Business Continuity,Detective,D. Senanayake,Continuous,1,Effective,Needs Improvement,40,4,2025-12-28,2026-01-27,R04620,High,Overdue
C0135,Business Continuity Control 0135,Business Continuity,Preventive,R. Gunawardena,Semi-Annual,1,Effective,Effective,20,0,2025-05-14,2025-11-10,R02603,None,Overdue
C0136,Third-Party Risk Control 0136,Third-Party Risk,Preventive,K. Fernando,Quarterly,0,Effective,Effective,15,0,2025-09-15,2025-12-14,R04336,None,Overdue
C0137,Data Protection Control 0137,Data Protection,Detective,S. Jayasinghe,Semi-Annual,1,Effective,Ineffective,30,11,2025-05-18,2025-11-14,R02815,Medium,Overdue
C0138,Third-Party Risk Control 0138,Third-Party Risk,Preventive,M. Wijesinghe,Semi-Annual,0,Effective,Effective,20,0,2026-05-15,2026-11-11,R02813,None,Scheduled
C0139,Data Protection Control 0139,Data Protection,Preventive,T. Karunaratne,Monthly,1,Effective,Effective,20,0,2025-09-01,2025-10-01,R00686,None,Overdue
C0140,Data Protection Control 0140,Data Protection,Preventive,D. Senanayake,Monthly,1,Effective,Effective,15,0,2026-07-04,2026-08-03,R00533,None,Overdue
C0141,Business Continuity Control 0141,Business Continuity,Corrective,T. Karunaratne,Annual,1,Effective,Effective,20,0,2025-10-22,2026-10-22,R04486,None,Scheduled
C0142,Business Continuity Control 0142,Business Continuity,Corrective,M. Wijesinghe,Continuous,1,Effective,Effective,15,0,2025-05-16,2025-06-15,R00377,None,Overdue
C0143,Change Management Control 0143,Change Management,Preventive,K. Fernando,Quarterly,1,Effective,Effective,5,0,2026-06-20,2026-09-18,R03568,None,Scheduled
C0144,Security Awareness Control 0144,Security Awareness,Preventive,T. Karunaratne,Annual,1,Effective,Effective,40,0,2025-09-14,2026-09-14,R03425,None,Scheduled
C0145,Data Protection Control 0145,Data Protection,Preventive,D. Senanayake,Quarterly,1,Effective,Not Tested,30,4,2025-04-25,2025-07-24,R02711,High,Overdue
C0146,Data Protection Control 0146,Data Protection,Preventive,N. Silva,Continuous,1,Effective,Effective,15,0,2025-05-14,2025-06-13,R00689,None,Overdue
C0147,Business Continuity Control 0147,Business Continuity,Corrective,D. Senanayake,Annual,0,Needs Improvement,Needs Improvement,40,15,2026-08-14,2027-08-14,R03029,Medium,Scheduled
C0148,Business Continuity Control 0148,Business Continuity,Preventive,D. Senanayake,Quarterly,0,Effective,Needs Improvement,20,7,2026-06-28,2026-09-26,R04161,High,Scheduled
C0149,Third-Party Risk Control 0149,Third-Party Risk,Detective,K. Fernando,Continuous,1,Effective,Needs Improvement,40,8,2026-03-17,2026-04-16,R02893,Medium,Overdue
C0150,Business Continuity Control 0150,Business Continuity,Corrective,N. Silva,Quarterly,1,Effective,Effective,15,0,2025-12-03,2026-03-03,R00672,None,Overdue
C0151,Security Awareness Control 0151,Security Awareness,Preventive,D. Senanayake,Quarterly,0,Needs Improvement,Effective,15,0,2026-04-01,2026-06-30,R04023,None,Overdue
C0152,Vulnerability Management Control 0152,Vulnerability Management,Corrective,R. Gunawardena,Continuous,1,Effective,Ineffective,30,8,2025-12-31,2026-01-30,R03879,Medium,Overdue
C0153,Change Management Control 0153,Change Management,Detective,N. Silva,Annual,0,Effective,Not Tested,30,6,2025-03-12,2026-03-12,R03366,Medium,Overdue
C0154,Security Awareness Control 0154,Security Awareness,Detective,T. Karunaratne,Quarterly,1,Effective,Effective,15,0,2025-04-15,2025-07-14,R02571,None,Overdue
C0155,Security Awareness Control 0155,Security Awareness,Detective,M. Wijesinghe,Annual,1,Effective,Effective,25,0,2026-01-15,2027-01-15,R01979,None,Scheduled
C0156,Incident Response Control 0156,Incident Response,Detective,M. Wijesinghe,Annual,1,Effective,Effective,25,0,2026-05-13,2027-05-13,R00871,None,Scheduled
C0157,Business Continuity Control 0157,Business Continuity,Preventive,D. Senanayake,Semi-Annual,1,Effective,Effective,10,0,2025-06-29,2025-12-26,R00190,None,Overdue
C0158,Access Control Control 0158,Access Control,Corrective,T. Karunaratne,Continuous,1,Effective,Effective,20,0,2025-07-07,2025-08-06,R03294,None,Overdue
C0159,Third-Party Risk Control 0159,Third-Party Risk,Detective,T. Karunaratne,Monthly,0,Needs Improvement,Effective,15,0,2026-07-14,2026-08-13,R02100,None,Overdue
C0160,Vulnerability Management Control 0160,Vulnerability Management,Preventive,A. Perera,Semi-Annual,1,Effective,Effective,40,0,2025-05-26,2025-11-22,R01158,None,Overdue
C0161,Data Protection Control 0161,Data Protection,Detective,D. Senanayake,Semi-Annual,0,Ineffective,Not Tested,25,8,2025-10-27,2026-04-25,R02173,Low,Overdue
C0162,Incident Response Control 0162,Incident Response,Preventive,S. Jayasinghe,Monthly,1,Effective,Ineffective,10,1,2026-05-04,2026-06-03,R01279,Low,Overdue
C0163,Business Continuity Control 0163,Business Continuity,Preventive,D. Senanayake,Continuous,0,Needs Improvement,Needs Improvement,40,12,2026-05-30,2026-06-29,R00973,Medium,Overdue
C0164,Business Continuity Control 0164,Business Continuity,Preventive,A. Perera,Semi-Annual,0,Effective,Effective,5,0,2026-07-14,2027-01-10,R01021,None,Scheduled
C0165,Access Control Control 0165,Access Control,Preventive,R. Gunawardena,Quarterly,0,Effective,Effective,5,0,2025-03-20,2025-06-18,R04108,None,Overdue
C0166,Third-Party Risk Control 0166,Third-Party Risk,Preventive,S. Jayasinghe,Continuous,1,Effective,Effective,30,0,2025-05-24,2025-06-23,R02057,None,Overdue
C0167,Change Management Control 0167,Change Management,Preventive,K. Fernando,Continuous,1,Effective,Effective,20,0,2025-04-24,2025-05-24,R01482,None,Overdue
C0168,Access Control Control 0168,Access Control,Preventive,T. Karunaratne,Quarterly,0,Effective,Effective,15,0,2026-05-30,2026-08-28,R00097,None,Overdue
C0169,Third-Party Risk Control 0169,Third-Party Risk,Preventive,D. Senanayake,Semi-Annual,0,Ineffective,Needs Improvement,25,8,2026-06-13,2026-12-10,R02493,Medium,Scheduled
C0170,Security Awareness Control 0170,Security Awareness,Preventive,A. Perera,Annual,1,Effective,Effective,40,0,2025-03-24,2026-03-24,R02198,None,Overdue
C0171,Security Awareness Control 0171,Security Awareness,Preventive,N. Silva,Quarterly,0,Effective,Not Tested,25,7,2026-02-22,2026-05-23,R03143,Medium,Overdue
C0172,Data Protection Control 0172,Data Protection,Preventive,R. Gunawardena,Quarterly,1,Effective,Effective,20,0,2025-07-04,2025-10-02,R00877,None,Overdue
C0173,Security Awareness Control 0173,Security Awareness,Preventive,S. Jayasinghe,Continuous,1,Effective,Effective,40,0,2026-03-01,2026-03-31,R02949,None,Overdue
C0174,Security Awareness Control 0174,Security Awareness,Preventive,R. Gunawardena,Quarterly,0,Effective,Effective,10,0,2025-05-25,2025-08-23,R01553,None,Overdue
C0175,Incident Response Control 0175,Incident Response,Corrective,A. Perera,Monthly,0,Needs Improvement,Effective,20,0,2025-06-27,2025-07-27,R00320,None,Overdue
C0176,Third-Party Risk Control 0176,Third-Party Risk,Preventive,N. Silva,Quarterly,0,Ineffective,Effective,5,0,2025-11-19,2026-02-17,R01652,None,Overdue
C0177,Business Continuity Control 0177,Business Continuity,Preventive,S. Jayasinghe,Quarterly,0,Effective,Effective,40,0,2025-12-11,2026-03-11,R02931,None,Overdue
C0178,Access Control Control 0178,Access Control,Preventive,N. Silva,Monthly,0,Effective,Effective,30,0,2026-03-15,2026-04-14,R04570,None,Overdue
C0179,Third-Party Risk Control 0179,Third-Party Risk,Preventive,T. Karunaratne,Annual,0,Effective,Effective,25,0,2025-07-27,2026-07-27,R01493,None,Overdue
C0180,Incident Response Control 0180,Incident Response,Detective,T. Karunaratne,Monthly,0,Effective,Needs Improvement,25,7,2026-01-16,2026-02-15,R03321,High,Overdue
C0181,Vulnerability Management Control 0181,Vulnerability Management,Preventive,R. Gunawardena,Annual,0,Needs Improvement,Effective,10,0,2025-10-27,2026-10-27,R04730,None,Scheduled
C0182,Change Management Control 0182,Change Management,Preventive,N. Silva,Quarterly,1,Effective,Effective,30,0,2025-12-04,2026-03-04,R03454,None,Overdue
C0183,Security Awareness Control 0183,Security Awareness,Detective,T. Karunaratne,Monthly,0,Ineffective,Needs Improvement,5,1,2026-07-16,2026-08-15,R02915,Low,Overdue
C0184,Business Continuity Control 0184,Business Continuity,Preventive,S. Jayasinghe,Quarterly,1,Needs Improvement,Effective,40,0,2025-07-26,2025-10-24,R03833,None,Overdue
C0185,Business Continuity Control 0185,Business Continuity,Detective,A. Perera,Semi-Annual,0,Needs Improvement,Needs Improvement,20,3,2025-09-14,2026-03-13,R02249,High,Overdue
C0186,Access Control Control 0186,Access Control,Preventive,D. Senanayake,Monthly,0,Effective,Effective,15,0,2025-11-12,2025-12-12,R01980,None,Overdue
C0187,Business Continuity Control 0187,Business Continuity,Detective,R. Gunawardena,Semi-Annual,0,Effective,Effective,30,0,2026-03-25,2026-09-21,R00586,None,Scheduled
C0188,Security Awareness Control 0188,Security Awareness,Detective,S. Jayasinghe,Monthly,0,Effective,Effective,30,0,2026-08-19,2026-09-18,R04229,None,Scheduled
C0189,Data Protection Control 0189,Data Protection,Preventive,R. Gunawardena,Annual,1,Effective,Ineffective,20,6,2025-07-28,2026-07-28,R01061,Low,Overdue
C0190,Vulnerability Management Control 0190,Vulnerability Management,Preventive,S. Jayasinghe,Quarterly,0,Effective,Ineffective,30,8,2025-08-04,2025-11-02,R04474,Medium,Overdue
C0191,Incident Response Control 0191,Incident Response,Detective,S. Jayasinghe,Continuous,1,Needs Improvement,Effective,25,0,2025-08-10,2025-09-09,R02370,None,Overdue
C0192,Access Control Control 0192,Access Control,Detective,R. Gunawardena,Annual,0,Needs Improvement,Effective,10,0,2026-01-25,2027-01-25,R01122,None,Scheduled
C0193,Vulnerability Management Control 0193,Vulnerability Management,Preventive,D. Senanayake,Monthly,0,Effective,Effective,30,0,2025-08-28,2025-09-27,R03028,None,Overdue
C0194,Vulnerability Management Control 0194,Vulnerability Management,Preventive,A. Perera,Semi-Annual,0,Effective,Needs Improvement,5,1,2026-01-30,2026-07-29,R00738,Low,Overdue
C0195,Security Awareness Control 0195,Security Awareness,Corrective,D. Senanayake,Semi-Annual,1,Needs Improvement,Effective,25,0,2026-04-01,2026-09-28,R01311,None,Scheduled
C0196,Change Management Control 0196,Change Management,Preventive,T. Karunaratne,Quarterly,1,Effective,Effective,5,0,2025-06-06,2025-09-04,R00854,None,Overdue
C0197,Third-Party Risk Control 0197,Third-Party Risk,Corrective,S. Jayasinghe,Quarterly,0,Effective,Needs Improvement,5,1,2025-09-29,2025-12-28,R04671,Medium,Overdue
C0198,Vulnerability Management Control 0198,Vulnerability Management,Corrective,T. Karunaratne,Quarterly,0,Effective,Effective,20,0,2026-06-17,2026-09-15,R04837,None,Scheduled
C0199,Data Protection Control 0199,Data Protection,Preventive,D. Senanayake,Annual,0,Ineffective,Effective,25,0,2026-01-10,2027-01-10,R00635,None,Scheduled
C0200,Data Protection Control 0200,Data Protection,Corrective,N. Silva,Annual,1,Effective,Effective,10,0,2025-12-15,2026-12-15,R02454,None,Scheduled
C0201,Change Management Control 0201,Change Management,Preventive,S. Jayasinghe,Continuous,0,Effective,Effective,20,0,2025-08-03,2025-09-02,R03222,None,Overdue
C0202,Security Awareness Control 0202,Security Awareness,Corrective,R. Gunawardena,Monthly,1,Needs Improvement,Effective,40,0,2026-04-08,2026-05-08,R00205,None,Overdue
C0203,Third-Party Risk Control 0203,Third-Party Risk,Detective,S. Jayasinghe,Continuous,0,Effective,Effective,5,0,2025-09-29,2025-10-29,R01421,None,Overdue
C0204,Business Continuity Control 0204,Business Continuity,Detective,S. Jayasinghe,Quarterly,0,Effective,Effective,5,0,2026-03-02,2026-05-31,R04045,None,Overdue
C0205,Business Continuity Control 0205,Business Continuity,Preventive,S. Jayasinghe,Semi-Annual,0,Effective,Effective,15,0,2025-04-29,2025-10-26,R04611,None,Overdue
C0206,Data Protection Control 0206,Data Protection,Preventive,K. Fernando,Semi-Annual,1,Effective,Needs Improvement,20,8,2025-08-05,2026-02-01,R03478,Low,Overdue
C0207,Access Control Control 0207,Access Control,Detective,T. Karunaratne,Quarterly,0,Effective,Not Tested,25,5,2025-09-18,2025-12-17,R03231,Low,Overdue
C0208,Access Control Control 0208,Access Control,Detective,N. Silva,Semi-Annual,1,Effective,Needs Improvement,20,6,2026-07-18,2027-01-14,R01962,Low,Scheduled
C0209,Vulnerability Management Control 0209,Vulnerability Management,Preventive,T. Karunaratne,Continuous,0,Effective,Effective,15,0,2026-04-03,2026-05-03,R01583,None,Overdue
C0210,Vulnerability Management Control 0210,Vulnerability Management,Preventive,S. Jayasinghe,Monthly,0,Effective,Effective,25,0,2025-03-19,2025-04-18,R00564,None,Overdue
C0211,Vulnerability Management Control 0211,Vulnerability Management,Detective,K. Fernando,Quarterly,1,Effective,Not Tested,25,2,2026-04-17,2026-07-16,R04598,Low,Overdue
C0212,Security Awareness Control 0212,Security Awareness,Detective,R. Gunawardena,Quarterly,0,Effective,Effective,5,0,2026-01-16,2026-04-16,R00342,None,Overdue
C0213,Change Management Control 0213,Change Management,Detective,S. Jayasinghe,Quarterly,0,Effective,Effective,30,0,2026-06-01,2026-08-30,R03333,None,Overdue
C0214,Incident Response Control 0214,Incident Response,Preventive,N. Silva,Monthly,1,Effective,Needs Improvement,10,2,2026-05-22,2026-06-21,R03138,High,Overdue
C0215,Data Protection Control 0215,Data Protection,Detective,D. Senanayake,Quarterly,0,Ineffective,Effective,15,0,2026-02-08,2026-05-09,R01451,None,Overdue
C0216,Security Awareness Control 0216,Security Awareness,Preventive,T. Karunaratne,Continuous,1,Effective,Effective,30,0,2026-01-02,2026-02-01,R03520,None,Overdue
C0217,Business Continuity Control 0217,Business Continuity,Detective,A. Perera,Monthly,1,Ineffective,Effective,5,0,2026-05-07,2026-06-06,R03847,None,Overdue
C0218,Change Management Control 0218,Change Management,Preventive,M. Wijesinghe,Quarterly,0,Effective,Effective,5,0,2026-01-25,2026-04-25,R02864,None,Overdue
C0219,Access Control Control 0219,Access Control,Preventive,K. Fernando,Quarterly,1,Effective,Effective,20,0,2025-04-05,2025-07-04,R01595,None,Overdue
C0220,Change Management Control 0220,Change Management,Preventive,K. Fernando,Quarterly,1,Effective,Effective,20,0,2026-08-09,2026-11-07,R02161,None,Scheduled
C0221,Vulnerability Management Control 0221,Vulnerability Management,Detective,S. Jayasinghe,Monthly,1,Effective,Effective,10,0,2026-07-13,2026-08-12,R04050,None,Overdue
C0222,Vulnerability Management Control 0222,Vulnerability Management,Detective,N. Silva,Semi-Annual,1,Effective,Not Tested,40,14,2026-08-21,2027-02-17,R03336,High,Scheduled
C0223,Vulnerability Management Control 0223,Vulnerability Management,Detective,S. Jayasinghe,Quarterly,0,Effective,Effective,30,0,2025-09-05,2025-12-04,R02739,None,Overdue
C0224,Data Protection Control 0224,Data Protection,Preventive,N. Silva,Semi-Annual,1,Effective,Effective,10,0,2026-08-26,2027-02-22,R00819,None,Scheduled
C0225,Data Protection Control 0225,Data Protection,Preventive,M. Wijesinghe,Semi-Annual,1,Effective,Effective,10,0,2025-04-20,2025-10-17,R01234,None,Overdue
C0226,Incident Response Control 0226,Incident Response,Corrective,S. Jayasinghe,Quarterly,1,Effective,Needs Improvement,10,1,2025-10-20,2026-01-18,R04492,Low,Overdue
C0227,Vulnerability Management Control 0227,Vulnerability Management,Detective,S. Jayasinghe,Monthly,0,Effective,Needs Improvement,20,8,2026-05-17,2026-06-16,R00699,Critical,Overdue
C0228,Vulnerability Management Control 0228,Vulnerability Management,Preventive,D. Senanayake,Monthly,1,Effective,Effective,30,0,2025-06-12,2025-07-12,R03056,None,Overdue
C0229,Third-Party Risk Control 0229,Third-Party Risk,Corrective,R. Gunawardena,Semi-Annual,1,Effective,Ineffective,20,5,2026-01-24,2026-07-23,R01932,Low,Overdue
C0230,Business Continuity Control 0230,Business Continuity,Preventive,S. Jayasinghe,Quarterly,1,Needs Improvement,Effective,40,0,2026-04-28,2026-07-27,R03034,None,Overdue
C0231,Incident Response Control 0231,Incident Response,Detective,R. Gunawardena,Annual,0,Effective,Needs Improvement,25,6,2026-04-10,2027-04-10,R00939,Medium,Scheduled
C0232,Business Continuity Control 0232,Business Continuity,Preventive,S. Jayasinghe,Annual,0,Effective,Effective,40,0,2025-09-01,2026-09-01,R04959,None,Scheduled
C0233,Access Control Control 0233,Access Control,Corrective,N. Silva,Quarterly,1,Effective,Effective,25,0,2025-12-03,2026-03-03,R01519,None,Overdue
C0234,Vulnerability Management Control 0234,Vulnerability Management,Preventive,N. Silva,Monthly,1,Needs Improvement,Effective,5,0,2026-05-06,2026-06-05,R03367,None,Overdue
C0235,Incident Response Control 0235,Incident Response,Preventive,N. Silva,Quarterly,0,Effective,Effective,40,0,2025-11-25,2026-02-23,R01295,None,Overdue
C0236,Vulnerability Management Control 0236,Vulnerability Management,Detective,K. Fernando,Quarterly,1,Needs Improvement,Needs Improvement,25,6,2025-11-20,2026-02-18,R04734,Low,Overdue
C0237,Access Control Control 0237,Access Control,Preventive,R. Gunawardena,Quarterly,0,Needs Improvement,Effective,15,0,2025-03-13,2025-06-11,R01457,None,Overdue
C0238,Business Continuity Control 0238,Business Continuity,Preventive,R. Gunawardena,Semi-Annual,0,Effective,Effective,20,0,2025-10-26,2026-04-24,R05000,None,Overdue
C0239,Access Control Control 0239,Access Control,Preventive,R. Gunawardena,Quarterly,1,Effective,Needs Improvement,30,8,2026-06-08,2026-09-06,R00951,Low,Scheduled
C0240,Business Continuity Control 0240,Business Continuity,Corrective,R. Gunawardena,Annual,0,Effective,Effective,40,0,2026-02-14,2027-02-14,R04915,None,Scheduled
C0241,Security Awareness Control 0241,Security Awareness,Detective,M. Wijesinghe,Semi-Annual,1,Effective,Effective,5,0,2025-04-06,2025-10-03,R01864,None,Overdue
C0242,Third-Party Risk Control 0242,Third-Party Risk,Detective,A. Perera,Quarterly,1,Effective,Effective,25,0,2026-01-25,2026-04-25,R01424,None,Overdue
C0243,Incident Response Control 0243,Incident Response,Preventive,S. Jayasinghe,Monthly,1,Effective,Effective,15,0,2025-10-13,2025-11-12,R00175,None,Overdue
C0244,Access Control Control 0244,Access Control,Preventive,S. Jayasinghe,Monthly,0,Effective,Needs Improvement,25,6,2025-09-15,2025-10-15,R01129,Low,Overdue
C0245,Business Continuity Control 0245,Business Continuity,Preventive,N. Silva,Continuous,0,Ineffective,Needs Improvement,10,1,2026-08-28,2026-09-27,R01798,Medium,Scheduled
C0246,Access Control Control 0246,Access Control,Detective,T. Karunaratne,Quarterly,1,Effective,Ineffective,10,2,2026-02-08,2026-05-09,R04914,High,Overdue
C0247,Third-Party Risk Control 0247,Third-Party Risk,Preventive,M. Wijesinghe,Monthly,0,Needs Improvement,Effective,20,0,2025-09-05,2025-10-05,R03665,None,Overdue
C0248,Security Awareness Control 0248,Security Awareness,Preventive,K. Fernando,Monthly,1,Effective,Effective,30,0,2025-03-20,2025-04-19,R04695,None,Overdue
C0249,Incident Response Control 0249,Incident Response,Detective,M. Wijesinghe,Annual,0,Effective,Effective,25,0,2025-12-15,2026-12-15,R04156,None,Scheduled
C0250,Vulnerability Management Control 0250,Vulnerability Management,Preventive,S. Jayasinghe,Semi-Annual,0,Effective,Needs Improvement,5,2,2025-07-16,2026-01-12,R02869,Medium,Overdue
C0251,Third-Party Risk Control 0251,Third-Party Risk,Detective,T. Karunaratne,Quarterly,0,Effective,Effective,40,0,2025-12-03,2026-03-03,R00425,None,Overdue
C0252,Change Management Control 0252,Change Management,Preventive,R. Gunawardena,Annual,0,Effective,Effective,20,0,2026-05-15,2027-05-15,R00123,None,Scheduled
C0253,Access Control Control 0253,Access Control,Preventive,M. Wijesinghe,Monthly,1,Effective,Needs Improvement,40,18,2025-09-17,2025-10-17,R00087,Low,Overdue
C0254,Business Continuity Control 0254,Business Continuity,Preventive,K. Fernando,Annual,1,Needs Improvement,Effective,40,0,2025-08-19,2026-08-19,R02741,None,Overdue
C0255,Security Awareness Control 0255,Security Awareness,Detective,R. Gunawardena,Monthly,0,Effective,Effective,40,0,2025-03-27,2025-04-26,R00873,None,Overdue
C0256,Access Control Control 0256,Access Control,Corrective,N. Silva,Quarterly,0,Effective,Effective,10,0,2025-12-28,2026-03-28,R00480,None,Overdue
C0257,Third-Party Risk Control 0257,Third-Party Risk,Corrective,D. Senanayake,Quarterly,0,Effective,Effective,10,0,2026-03-01,2026-05-30,R03830,None,Overdue
C0258,Vulnerability Management Control 0258,Vulnerability Management,Preventive,R. Gunawardena,Quarterly,0,Ineffective,Not Tested,15,4,2026-02-08,2026-05-09,R01869,Low,Overdue
C0259,Third-Party Risk Control 0259,Third-Party Risk,Preventive,R. Gunawardena,Monthly,1,Effective,Needs Improvement,20,7,2026-03-14,2026-04-13,R01390,High,Overdue
C0260,Third-Party Risk Control 0260,Third-Party Risk,Preventive,K. Fernando,Monthly,0,Needs Improvement,Effective,25,0,2025-12-20,2026-01-19,R02799,None,Overdue
C0261,Vulnerability Management Control 0261,Vulnerability Management,Preventive,K. Fernando,Annual,0,Ineffective,Effective,10,0,2025-08-01,2026-08-01,R03457,None,Overdue
C0262,Business Continuity Control 0262,Business Continuity,Preventive,T. Karunaratne,Semi-Annual,0,Needs Improvement,Needs Improvement,5,2,2025-12-02,2026-05-31,R02080,Low,Overdue
C0263,Vulnerability Management Control 0263,Vulnerability Management,Preventive,R. Gunawardena,Semi-Annual,1,Needs Improvement,Effective,5,0,2025-11-24,2026-05-23,R02948,None,Overdue
C0264,Access Control Control 0264,Access Control,Preventive,S. Jayasinghe,Quarterly,0,Needs Improvement,Not Tested,10,3,2025-11-18,2026-02-16,R02871,Medium,Overdue
C0265,Incident Response Control 0265,Incident Response,Preventive,R. Gunawardena,Monthly,0,Effective,Effective,40,0,2026-07-03,2026-08-02,R02671,None,Overdue
C0266,Incident Response Control 0266,Incident Response,Detective,S. Jayasinghe,Annual,0,Effective,Not Tested,20,2,2025-08-16,2026-08-16,R03150,Medium,Overdue
C0267,Access Control Control 0267,Access Control,Detective,M. Wijesinghe,Quarterly,1,Effective,Effective,5,0,2025-07-10,2025-10-08,R00450,None,Overdue
C0268,Business Continuity Control 0268,Business Continuity,Detective,M. Wijesinghe,Annual,1,Ineffective,Effective,5,0,2026-08-26,2027-08-26,R03225,None,Scheduled
C0269,Security Awareness Control 0269,Security Awareness,Preventive,M. Wijesinghe,Monthly,1,Effective,Effective,15,0,2026-08-27,2026-09-26,R01597,None,Scheduled
C0270,Data Protection Control 0270,Data Protection,Detective,M. Wijesinghe,Monthly,0,Effective,Needs Improvement,15,3,2026-08-30,2026-09-29,R01629,High,Scheduled
C0271,Security Awareness Control 0271,Security Awareness,Detective,D. Senanayake,Quarterly,1,Effective,Needs Improvement,30,6,2026-02-03,2026-05-04,R03122,Critical,Overdue
C0272,Vulnerability Management Control 0272,Vulnerability Management,Preventive,A. Perera,Annual,1,Effective,Needs Improvement,40,15,2026-05-10,2027-05-10,R01148,Medium,Scheduled
C0273,Data Protection Control 0273,Data Protection,Detective,T. Karunaratne,Continuous,1,Effective,Effective,30,0,2025-07-10,2025-08-09,R02481,None,Overdue
C0274,Third-Party Risk Control 0274,Third-Party Risk,Preventive,M. Wijesinghe,Annual,1,Ineffective,Effective,30,0,2026-07-06,2027-07-06,R04816,None,Scheduled
C0275,Security Awareness Control 0275,Security Awareness,Detective,R. Gunawardena,Continuous,1,Needs Improvement,Effective,5,0,2025-12-16,2026-01-15,R04825,None,Overdue
C0276,Incident Response Control 0276,Incident Response,Preventive,M. Wijesinghe,Annual,1,Effective,Needs Improvement,40,7,2026-08-01,2027-08-01,R02898,Low,Scheduled
C0277,Third-Party Risk Control 0277,Third-Party Risk,Preventive,D. Senanayake,Continuous,0,Effective,Effective,15,0,2025-08-26,2025-09-25,R03162,None,Overdue
C0278,Third-Party Risk Control 0278,Third-Party Risk,Detective,M. Wijesinghe,Annual,0,Needs Improvement,Effective,15,0,2026-08-11,2027-08-11,R03646,None,Scheduled
C0279,Third-Party Risk Control 0279,Third-Party Risk,Preventive,M. Wijesinghe,Annual,0,Effective,Effective,15,0,2026-03-09,2027-03-09,R03990,None,Scheduled
C0280,Third-Party Risk Control 0280,Third-Party Risk,Detective,M. Wijesinghe,Continuous,1,Needs Improvement,Effective,5,0,2025-07-20,2025-08-19,R02918,None,Overdue
C0281,Data Protection Control 0281,Data Protection,Corrective,R. Gunawardena,Continuous,1,Needs Improvement,Effective,20,0,2026-07-19,2026-08-18,R03545,None,Overdue
C0282,Security Awareness Control 0282,Security Awareness,Preventive,R. Gunawardena,Continuous,0,Effective,Effective,30,0,2025-05-29,2025-06-28,R03131,None,Overdue
C0283,Change Management Control 0283,Change Management,Preventive,N. Silva,Quarterly,1,Effective,Effective,30,0,2025-04-09,2025-07-08,R01644,None,Overdue
C0284,Vulnerability Management Control 0284,Vulnerability Management,Preventive,M. Wijesinghe,Quarterly,0,Effective,Not Tested,15,4,2025-10-10,2026-01-08,R03814,Medium,Overdue
C0285,Business Continuity Control 0285,Business Continuity,Preventive,N. Silva,Semi-Annual,1,Effective,Effective,15,0,2025-07-21,2026-01-17,R04497,None,Overdue
C0286,Third-Party Risk Control 0286,Third-Party Risk,Detective,N. Silva,Semi-Annual,0,Effective,Effective,40,0,2025-09-09,2026-03-08,R02059,None,Overdue
C0287,Vulnerability Management Control 0287,Vulnerability Management,Detective,N. Silva,Continuous,0,Effective,Effective,15,0,2025-09-18,2025-10-18,R03534,None,Overdue
C0288,Access Control Control 0288,Access Control,Preventive,T. Karunaratne,Quarterly,0,Effective,Effective,5,0,2026-07-05,2026-10-03,R02885,None,Scheduled
C0289,Incident Response Control 0289,Incident Response,Detective,K. Fernando,Quarterly,1,Needs Improvement,Effective,10,0,2025-12-10,2026-03-10,R04912,None,Overdue
C0290,Data Protection Control 0290,Data Protection,Preventive,M. Wijesinghe,Monthly,1,Effective,Effective,25,0,2025-04-12,2025-05-12,R04867,None,Overdue
C0291,Change Management Control 0291,Change Management,Detective,D. Senanayake,Quarterly,1,Needs Improvement,Effective,25,0,2026-06-12,2026-09-10,R04852,None,Scheduled
C0292,Vulnerability Management Control 0292,Vulnerability Management,Preventive,A. Perera,Semi-Annual,1,Effective,Effective,20,0,2025-11-11,2026-05-10,R03273,None,Overdue
C0293,Change Management Control 0293,Change Management,Preventive,R. Gunawardena,Continuous,0,Ineffective,Effective,10,0,2026-04-27,2026-05-27,R01716,None,Overdue
C0294,Security Awareness Control 0294,Security Awareness,Detective,S. Jayasinghe,Monthly,1,Effective,Effective,25,0,2026-05-10,2026-06-09,R01292,None,Overdue
C0295,Vulnerability Management Control 0295,Vulnerability Management,Preventive,R. Gunawardena,Semi-Annual,0,Effective,Effective,20,0,2025-05-28,2025-11-24,R02748,None,Overdue
C0296,Business Continuity Control 0296,Business Continuity,Detective,N. Silva,Annual,0,Effective,Not Tested,30,5,2025-10-22,2026-10-22,R00375,Low,Scheduled
C0297,Access Control Control 0297,Access Control,Preventive,A. Perera,Annual,0,Effective,Effective,5,0,2026-02-26,2027-02-26,R02486,None,Scheduled
C0298,Security Awareness Control 0298,Security Awareness,Detective,T. Karunaratne,Quarterly,0,Ineffective,Ineffective,15,5,2026-03-07,2026-06-05,R01684,High,Overdue
C0299,Change Management Control 0299,Change Management,Preventive,K. Fernando,Monthly,1,Effective,Effective,20,0,2026-07-07,2026-08-06,R04260,None,Overdue
C0300,Third-Party Risk Control 0300,Third-Party Risk,Corrective,N. Silva,Monthly,0,Ineffective,Needs Improvement,20,5,2025-08-28,2025-09-27,R02365,High,Overdue
C0301,Third-Party Risk Control 0301,Third-Party Risk,Detective,A. Perera,Annual,0,Effective,Not Tested,25,6,2026-04-19,2027-04-19,R01407,Medium,Scheduled
C0302,Incident Response Control 0302,Incident Response,Preventive,R. Gunawardena,Quarterly,1,Effective,Effective,5,0,2026-03-15,2026-06-13,R00150,None,Overdue
C0303,Security Awareness Control 0303,Security Awareness,Preventive,M. Wijesinghe,Semi-Annual,1,Needs Improvement,Effective,5,0,2025-04-30,2025-10-27,R01492,None,Overdue
C0304,Vulnerability Management Control 0304,Vulnerability Management,Corrective,T. Karunaratne,Quarterly,0,Effective,Effective,30,0,2026-06-06,2026-09-04,R02330,None,Scheduled
C0305,Incident Response Control 0305,Incident Response,Preventive,M. Wijesinghe,Continuous,0,Effective,Effective,15,0,2026-07-20,2026-08-19,R02769,None,Overdue
C0306,Access Control Control 0306,Access Control,Preventive,K. Fernando,Continuous,1,Effective,Effective,30,0,2025-05-05,2025-06-04,R01178,None,Overdue
C0307,Access Control Control 0307,Access Control,Preventive,R. Gunawardena,Semi-Annual,0,Ineffective,Effective,15,0,2026-03-21,2026-09-17,R00786,None,Scheduled
C0308,Vulnerability Management Control 0308,Vulnerability Management,Corrective,N. Silva,Quarterly,0,Effective,Effective,5,0,2025-08-17,2025-11-15,R02721,None,Overdue
C0309,Third-Party Risk Control 0309,Third-Party Risk,Detective,T. Karunaratne,Quarterly,1,Ineffective,Effective,5,0,2026-02-17,2026-05-18,R02271,None,Overdue
C0310,Data Protection Control 0310,Data Protection,Corrective,S. Jayasinghe,Annual,1,Effective,Needs Improvement,5,1,2026-07-28,2027-07-28,R03460,Medium,Scheduled
C0311,Security Awareness Control 0311,Security Awareness,Preventive,S. Jayasinghe,Monthly,0,Ineffective,Effective,30,0,2025-12-22,2026-01-21,R03518,None,Overdue
C0312,Data Protection Control 0312,Data Protection,Detective,S. Jayasinghe,Monthly,0,Effective,Effective,30,0,2025-05-13,2025-06-12,R00505,None,Overdue
C0313,Data Protection Control 0313,Data Protection,Detective,A. Perera,Monthly,1,Effective,Needs Improvement,15,6,2026-06-16,2026-07-16,R02847,Medium,Overdue
C0314,Third-Party Risk Control 0314,Third-Party Risk,Preventive,A. Perera,Annual,0,Ineffective,Needs Improvement,10,4,2026-04-06,2027-04-06,R02448,High,Scheduled
C0315,Third-Party Risk Control 0315,Third-Party Risk,Corrective,D. Senanayake,Continuous,0,Ineffective,Needs Improvement,5,1,2025-03-10,2025-04-09,R04583,Medium,Overdue
C0316,Business Continuity Control 0316,Business Continuity,Preventive,M. Wijesinghe,Semi-Annual,0,Effective,Effective,10,0,2025-07-15,2026-01-11,R03597,None,Overdue
C0317,Change Management Control 0317,Change Management,Corrective,T. Karunaratne,Semi-Annual,1,Effective,Ineffective,15,6,2025-07-11,2026-01-07,R01337,Medium,Overdue
C0318,Vulnerability Management Control 0318,Vulnerability Management,Preventive,M. Wijesinghe,Semi-Annual,0,Effective,Needs Improvement,10,3,2025-08-22,2026-02-18,R01243,Critical,Overdue
C0319,Data Protection Control 0319,Data Protection,Preventive,D. Senanayake,Monthly,1,Needs Improvement,Effective,20,0,2025-10-16,2025-11-15,R04708,None,Overdue
C0320,Change Management Control 0320,Change Management,Preventive,D. Senanayake,Semi-Annual,1,Ineffective,Effective,25,0,2026-02-15,2026-08-14,R03516,None,Overdue
C0321,Security Awareness Control 0321,Security Awareness,Preventive,R. Gunawardena,Monthly,1,Effective,Not Tested,25,8,2025-08-08,2025-09-07,R02026,Medium,Overdue
C0322,Data Protection Control 0322,Data Protection,Detective,M. Wijesinghe,Monthly,0,Effective,Effective,40,0,2025-08-10,2025-09-09,R00746,None,Overdue
C0323,Data Protection Control 0323,Data Protection,Preventive,S. Jayasinghe,Quarterly,0,Effective,Effective,10,0,2025-06-02,2025-08-31,R02417,None,Overdue
C0324,Data Protection Control 0324,Data Protection,Preventive,K. Fernando,Quarterly,0,Effective,Ineffective,10,3,2025-03-31,2025-06-29,R03897,High,Overdue
C0325,Change Management Control 0325,Change Management,Detective,M. Wijesinghe,Semi-Annual,0,Effective,Effective,20,0,2025-11-21,2026-05-20,R02408,None,Overdue
C0326,Security Awareness Control 0326,Security Awareness,Preventive,A. Perera,Quarterly,0,Effective,Effective,5,0,2025-09-06,2025-12-05,R03584,None,Overdue
C0327,Third-Party Risk Control 0327,Third-Party Risk,Detective,N. Silva,Monthly,1,Effective,Effective,5,0,2026-05-16,2026-06-15,R01898,None,Overdue
C0328,Change Management Control 0328,Change Management,Preventive,R. Gunawardena,Semi-Annual,1,Effective,Effective,40,0,2026-05-31,2026-11-27,R02162,None,Scheduled
C0329,Access Control Control 0329,Access Control,Preventive,K. Fernando,Quarterly,1,Effective,Effective,10,0,2026-03-12,2026-06-10,R01297,None,Overdue
C0330,Data Protection Control 0330,Data Protection,Detective,T. Karunaratne,Continuous,1,Needs Improvement,Effective,5,0,2026-02-25,2026-03-27,R01053,None,Overdue
C0331,Incident Response Control 0331,Incident Response,Corrective,K. Fernando,Quarterly,0,Needs Improvement,Effective,40,0,2025-04-14,2025-07-13,R02284,None,Overdue
C0332,Change Management Control 0332,Change Management,Preventive,A. Perera,Continuous,1,Effective,Not Tested,10,3,2026-08-15,2026-09-14,R00306,Medium,Scheduled
C0333,Third-Party Risk Control 0333,Third-Party Risk,Detective,M. Wijesinghe,Continuous,1,Effective,Effective,5,0,2025-04-28,2025-05-28,R00874,None,Overdue
C0334,Business Continuity Control 0334,Business Continuity,Preventive,M. Wijesinghe,Semi-Annual,1,Effective,Not Tested,5,2,2025-10-13,2026-04-11,R04490,Low,Overdue
C0335,Incident Response Control 0335,Incident Response,Detective,K. Fernando,Quarterly,1,Effective,Effective,5,0,2025-12-13,2026-03-13,R03350,None,Overdue
C0336,Security Awareness Control 0336,Security Awareness,Corrective,M. Wijesinghe,Monthly,0,Effective,Effective,10,0,2026-01-24,2026-02-23,R01141,None,Overdue
C0337,Incident Response Control 0337,Incident Response,Detective,N. Silva,Semi-Annual,0,Effective,Not Tested,5,1,2025-05-25,2025-11-21,R00852,Low,Overdue
C0338,Security Awareness Control 0338,Security Awareness,Detective,M. Wijesinghe,Semi-Annual,0,Effective,Effective,25,0,2026-02-03,2026-08-02,R00503,None,Overdue
C0339,Data Protection Control 0339,Data Protection,Detective,R. Gunawardena,Quarterly,0,Effective,Effective,20,0,2026-08-24,2026-11-22,R00835,None,Scheduled
C0340,Security Awareness Control 0340,Security Awareness,Detective,K. Fernando,Semi-Annual,1,Effective,Needs Improvement,25,11,2025-09-04,2026-03-03,R00467,High,Overdue
C0341,Security Awareness Control 0341,Security Awareness,Preventive,M. Wijesinghe,Annual,0,Effective,Effective,40,0,2026-06-17,2027-06-17,R01396,None,Scheduled
C0342,Third-Party Risk Control 0342,Third-Party Risk,Preventive,A. Perera,Monthly,0,Effective,Effective,15,0,2025-03-23,2025-04-22,R01253,None,Overdue
C0343,Incident Response Control 0343,Incident Response,Preventive,T. Karunaratne,Monthly,1,Ineffective,Effective,25,0,2025-04-14,2025-05-14,R01512,None,Overdue
C0344,Data Protection Control 0344,Data Protection,Detective,S. Jayasinghe,Monthly,1,Effective,Effective,15,0,2025-11-07,2025-12-07,R01208,None,Overdue
C0345,Data Protection Control 0345,Data Protection,Preventive,K. Fernando,Annual,0,Effective,Effective,30,0,2026-08-01,2027-08-01,R02101,None,Scheduled
C0346,Access Control Control 0346,Access Control,Preventive,K. Fernando,Semi-Annual,1,Ineffective,Effective,40,0,2026-04-27,2026-10-24,R00876,None,Scheduled
C0347,Access Control Control 0347,Access Control,Corrective,D. Senanayake,Quarterly,0,Effective,Effective,15,0,2025-08-08,2025-11-06,R00039,None,Overdue
C0348,Business Continuity Control 0348,Business Continuity,Preventive,T. Karunaratne,Quarterly,0,Effective,Needs Improvement,25,11,2026-07-19,2026-10-17,R02688,Low,Scheduled
C0349,Change Management Control 0349,Change Management,Preventive,N. Silva,Monthly,1,Effective,Needs Improvement,5,1,2026-07-01,2026-07-31,R04901,High,Overdue
C0350,Security Awareness Control 0350,Security Awareness,Corrective,R. Gunawardena,Continuous,1,Effective,Effective,25,0,2025-09-08,2025-10-08,R04614,None,Overdue
C0351,Third-Party Risk Control 0351,Third-Party Risk,Detective,S. Jayasinghe,Quarterly,0,Effective,Effective,30,0,2026-08-18,2026-11-16,R02612,None,Scheduled
C0352,Third-Party Risk Control 0352,Third-Party Risk,Detective,N. Silva,Continuous,0,Effective,Effective,10,0,2025-06-20,2025-07-20,R03192,None,Overdue
C0353,Vulnerability Management Control 0353,Vulnerability Management,Preventive,A. Perera,Monthly,1,Needs Improvement,Not Tested,5,1,2026-05-12,2026-06-11,R01208,Medium,Overdue
C0354,Business Continuity Control 0354,Business Continuity,Preventive,A. Perera,Annual,0,Effective,Needs Improvement,40,7,2026-01-23,2027-01-23,R00217,Medium,Scheduled
C0355,Vulnerability Management Control 0355,Vulnerability Management,Preventive,S. Jayasinghe,Monthly,0,Ineffective,Needs Improvement,10,4,2026-04-15,2026-05-15,R04796,Low,Overdue
C0356,Access Control Control 0356,Access Control,Corrective,R. Gunawardena,Semi-Annual,1,Needs Improvement,Effective,10,0,2026-08-31,2027-02-27,R01592,None,Scheduled
C0357,Access Control Control 0357,Access Control,Preventive,M. Wijesinghe,Semi-Annual,0,Effective,Effective,20,0,2026-07-17,2027-01-13,R02459,None,Scheduled
C0358,Business Continuity Control 0358,Business Continuity,Preventive,M. Wijesinghe,Quarterly,0,Effective,Effective,10,0,2025-07-24,2025-10-22,R03120,None,Overdue
C0359,Change Management Control 0359,Change Management,Detective,M. Wijesinghe,Continuous,0,Effective,Effective,40,0,2026-08-30,2026-09-29,R00885,None,Scheduled
C0360,Data Protection Control 0360,Data Protection,Detective,R. Gunawardena,Quarterly,1,Effective,Effective,15,0,2025-05-08,2025-08-06,R04741,None,Overdue
C0361,Data Protection Control 0361,Data Protection,Preventive,S. Jayasinghe,Annual,1,Needs Improvement,Ineffective,10,3,2026-03-17,2027-03-17,R00120,High,Scheduled
C0362,Data Protection Control 0362,Data Protection,Preventive,T. Karunaratne,Monthly,1,Effective,Effective,15,0,2025-11-05,2025-12-05,R01322,None,Overdue
C0363,Security Awareness Control 0363,Security Awareness,Preventive,A. Perera,Annual,1,Effective,Needs Improvement,30,8,2026-04-18,2027-04-18,R03428,Low,Scheduled
C0364,Business Continuity Control 0364,Business Continuity,Preventive,D. Senanayake,Quarterly,1,Effective,Effective,40,0,2025-11-09,2026-02-07,R00150,None,Overdue
C0365,Access Control Control 0365,Access Control,Preventive,S. Jayasinghe,Quarterly,1,Needs Improvement,Needs Improvement,5,1,2025-03-29,2025-06-27,R04423,High,Overdue
C0366,Business Continuity Control 0366,Business Continuity,Detective,D. Senanayake,Annual,1,Effective,Effective,5,0,2026-02-16,2027-02-16,R00642,None,Scheduled
C0367,Access Control Control 0367,Access Control,Corrective,N. Silva,Annual,1,Effective,Effective,20,0,2025-05-17,2026-05-17,R04488,None,Overdue
C0368,Data Protection Control 0368,Data Protection,Detective,T. Karunaratne,Semi-Annual,1,Effective,Needs Improvement,20,2,2026-01-24,2026-07-23,R02928,Low,Overdue
C0369,Incident Response Control 0369,Incident Response,Detective,T. Karunaratne,Semi-Annual,0,Effective,Needs Improvement,25,10,2025-06-06,2025-12-03,R02616,Medium,Overdue
C0370,Data Protection Control 0370,Data Protection,Corrective,R. Gunawardena,Quarterly,0,Effective,Effective,15,0,2026-04-05,2026-07-04,R04607,None,Overdue
C0371,Incident Response Control 0371,Incident Response,Detective,T. Karunaratne,Continuous,0,Ineffective,Needs Improvement,40,4,2025-11-28,2025-12-28,R03560,Low,Overdue
C0372,Incident Response Control 0372,Incident Response,Corrective,R. Gunawardena,Monthly,1,Effective,Effective,25,0,2026-03-09,2026-04-08,R00315,None,Overdue
C0373,Incident Response Control 0373,Incident Response,Preventive,A. Perera,Continuous,1,Effective,Needs Improvement,15,3,2025-04-10,2025-05-10,R03597,Medium,Overdue
C0374,Change Management Control 0374,Change Management,Corrective,D. Senanayake,Quarterly,1,Effective,Needs Improvement,25,7,2025-11-27,2026-02-25,R01308,Medium,Overdue
C0375,Change Management Control 0375,Change Management,Preventive,M. Wijesinghe,Semi-Annual,1,Effective,Needs Improvement,25,3,2026-05-19,2026-11-15,R01862,Medium,Scheduled
C0376,Third-Party Risk Control 0376,Third-Party Risk,Corrective,T. Karunaratne,Annual,0,Effective,Needs Improvement,40,10,2025-05-21,2026-05-21,R02154,Medium,Overdue
C0377,Vulnerability Management Control 0377,Vulnerability Management,Detective,T. Karunaratne,Quarterly,0,Effective,Effective,25,0,2026-07-05,2026-10-03,R04208,None,Scheduled
C0378,Security Awareness Control 0378,Security Awareness,Detective,S. Jayasinghe,Annual,0,Effective,Needs Improvement,30,11,2025-08-28,2026-08-28,R04097,High,Overdue
C0379,Security Awareness Control 0379,Security Awareness,Preventive,N. Silva,Continuous,1,Effective,Effective,5,0,2026-06-02,2026-07-02,R04987,None,Overdue
C0380,Security Awareness Control 0380,Security Awareness,Preventive,R. Gunawardena,Quarterly,0,Needs Improvement,Needs Improvement,30,3,2025-12-06,2026-03-06,R03043,High,Overdue
C0381,Security Awareness Control 0381,Security Awareness,Detective,K. Fernando,Semi-Annual,1,Needs Improvement,Effective,20,0,2025-11-24,2026-05-23,R03262,None,Overdue
C0382,Access Control Control 0382,Access Control,Preventive,S. Jayasinghe,Quarterly,1,Ineffective,Needs Improvement,25,11,2025-10-20,2026-01-18,R00062,Medium,Overdue
C0383,Access Control Control 0383,Access Control,Corrective,M. Wijesinghe,Semi-Annual,1,Effective,Ineffective,10,4,2025-12-28,2026-06-26,R02173,Low,Overdue
C0384,Business Continuity Control 0384,Business Continuity,Detective,D. Senanayake,Continuous,1,Effective,Not Tested,40,7,2025-11-16,2025-12-16,R02670,Low,Overdue
C0385,Access Control Control 0385,Access Control,Detective,N. Silva,Quarterly,1,Effective,Ineffective,20,4,2025-05-06,2025-08-04,R02112,Low,Overdue
C0386,Data Protection Control 0386,Data Protection,Corrective,T. Karunaratne,Annual,0,Effective,Ineffective,15,5,2026-01-04,2027-01-04,R03612,Low,Scheduled
C0387,Data Protection Control 0387,Data Protection,Detective,T. Karunaratne,Quarterly,1,Effective,Effective,25,0,2025-12-16,2026-03-16,R00163,None,Overdue
C0388,Vulnerability Management Control 0388,Vulnerability Management,Detective,D. Senanayake,Continuous,0,Effective,Ineffective,5,2,2026-01-24,2026-02-23,R02181,Low,Overdue
C0389,Access Control Control 0389,Access Control,Detective,R. Gunawardena,Continuous,0,Effective,Effective,20,0,2025-04-22,2025-05-22,R01390,None,Overdue
C0390,Access Control Control 0390,Access Control,Preventive,S. Jayasinghe,Semi-Annual,1,Needs Improvement,Effective,10,0,2026-02-01,2026-07-31,R03130,None,Overdue
C0391,Access Control Control 0391,Access Control,Preventive,D. Senanayake,Quarterly,1,Effective,Effective,5,0,2025-10-22,2026-01-20,R02679,None,Overdue
C0392,Business Continuity Control 0392,Business Continuity,Preventive,T. Karunaratne,Annual,1,Effective,Not Tested,30,2,2025-04-06,2026-04-06,R04559,Low,Overdue
C0393,Data Protection Control 0393,Data Protection,Preventive,K. Fernando,Annual,1,Effective,Effective,20,0,2025-05-11,2026-05-11,R03079,None,Overdue
C0394,Access Control Control 0394,Access Control,Preventive,N. Silva,Semi-Annual,1,Effective,Needs Improvement,20,3,2025-03-28,2025-09-24,R02568,Medium,Overdue
C0395,Data Protection Control 0395,Data Protection,Detective,K. Fernando,Quarterly,1,Effective,Needs Improvement,30,7,2025-05-22,2025-08-20,R02041,Low,Overdue
C0396,Third-Party Risk Control 0396,Third-Party Risk,Detective,K. Fernando,Monthly,0,Effective,Needs Improvement,40,9,2026-08-02,2026-09-01,R01131,Medium,Scheduled
C0397,Business Continuity Control 0397,Business Continuity,Preventive,T. Karunaratne,Annual,1,Effective,Effective,20,0,2025-06-20,2026-06-20,R00596,None,Overdue
C0398,Incident Response Control 0398,Incident Response,Detective,D. Senanayake,Quarterly,1,Needs Improvement,Needs Improvement,5,2,2026-03-29,2026-06-27,R00645,Medium,Overdue
C0399,Change Management Control 0399,Change Management,Preventive,M. Wijesinghe,Annual,1,Effective,Not Tested,30,4,2025-08-26,2026-08-26,R04904,Low,Overdue
C0400,Data Protection Control 0400,Data Protection,Preventive,S. Jayasinghe,Monthly,1,Effective,Effective,10,0,2025-03-10,2025-04-09,R04679,None,Overdue
C0401,Vulnerability Management Control 0401,Vulnerability Management,Detective,A. Perera,Quarterly,0,Needs Improvement,Needs Improvement,20,7,2025-08-24,2025-11-22,R00726,High,Overdue
C0402,Data Protection Control 0402,Data Protection,Preventive,R. Gunawardena,Quarterly,1,Needs Improvement,Effective,25,0,2026-07-24,2026-10-22,R03610,None,Scheduled
C0403,Business Continuity Control 0403,Business Continuity,Detective,D. Senanayake,Monthly,0,Effective,Effective,5,0,2025-10-04,2025-11-03,R01122,None,Overdue
C0404,Data Protection Control 0404,Data Protection,Detective,N. Silva,Continuous,0,Effective,Needs Improvement,25,8,2025-10-30,2025-11-29,R03892,High,Overdue
C0405,Data Protection Control 0405,Data Protection,Preventive,T. Karunaratne,Annual,0,Effective,Effective,10,0,2026-06-19,2027-06-19,R01435,None,Scheduled
C0406,Incident Response Control 0406,Incident Response,Detective,S. Jayasinghe,Annual,1,Needs Improvement,Effective,20,0,2025-12-17,2026-12-17,R04737,None,Scheduled
C0407,Data Protection Control 0407,Data Protection,Detective,K. Fernando,Continuous,1,Effective,Effective,25,0,2026-02-24,2026-03-26,R03828,None,Overdue
C0408,Data Protection Control 0408,Data Protection,Preventive,M. Wijesinghe,Annual,0,Effective,Ineffective,40,16,2025-05-19,2026-05-19,R03955,Medium,Overdue
C0409,Change Management Control 0409,Change Management,Detective,M. Wijesinghe,Quarterly,1,Effective,Effective,10,0,2026-05-20,2026-08-18,R04641,None,Overdue
C0410,Incident Response Control 0410,Incident Response,Preventive,K. Fernando,Quarterly,1,Ineffective,Effective,15,0,2026-04-10,2026-07-09,R00820,None,Overdue
C0411,Access Control Control 0411,Access Control,Detective,N. Silva,Quarterly,0,Effective,Needs Improvement,30,6,2025-09-22,2025-12-21,R01013,Low,Overdue
C0412,Change Management Control 0412,Change Management,Detective,M. Wijesinghe,Semi-Annual,1,Ineffective,Needs Improvement,40,4,2026-03-10,2026-09-06,R00033,High,Scheduled
C0413,Access Control Control 0413,Access Control,Preventive,R. Gunawardena,Monthly,1,Effective,Effective,25,0,2025-09-04,2025-10-04,R02313,None,Overdue
C0414,Vulnerability Management Control 0414,Vulnerability Management,Preventive,M. Wijesinghe,Quarterly,0,Effective,Needs Improvement,15,2,2026-01-13,2026-04-13,R03976,High,Overdue
C0415,Data Protection Control 0415,Data Protection,Preventive,N. Silva,Continuous,1,Effective,Needs Improvement,10,1,2026-02-18,2026-03-20,R02314,Critical,Overdue
C0416,Data Protection Control 0416,Data Protection,Corrective,D. Senanayake,Quarterly,0,Effective,Needs Improvement,40,14,2026-05-22,2026-08-20,R04641,Low,Overdue
C0417,Security Awareness Control 0417,Security Awareness,Corrective,R. Gunawardena,Continuous,0,Effective,Needs Improvement,15,7,2025-10-25,2025-11-24,R02229,Low,Overdue
C0418,Data Protection Control 0418,Data Protection,Detective,S. Jayasinghe,Continuous,0,Effective,Effective,20,0,2025-06-29,2025-07-29,R04435,None,Overdue
C0419,Security Awareness Control 0419,Security Awareness,Detective,K. Fernando,Quarterly,1,Effective,Effective,15,0,2025-08-06,2025-11-04,R02685,None,Overdue
C0420,Third-Party Risk Control 0420,Third-Party Risk,Detective,S. Jayasinghe,Quarterly,1,Effective,Effective,40,0,2026-08-01,2026-10-30,R03438,None,Scheduled
C0421,Security Awareness Control 0421,Security Awareness,Preventive,T. Karunaratne,Annual,0,Ineffective,Needs Improvement,30,2,2026-08-14,2027-08-14,R03669,Low,Scheduled
C0422,Access Control Control 0422,Access Control,Corrective,M. Wijesinghe,Quarterly,0,Needs Improvement,Effective,15,0,2026-07-04,2026-10-02,R02808,None,Scheduled
C0423,Incident Response Control 0423,Incident Response,Corrective,T. Karunaratne,Quarterly,0,Effective,Effective,25,0,2026-06-21,2026-09-19,R02400,None,Scheduled
C0424,Vulnerability Management Control 0424,Vulnerability Management,Detective,N. Silva,Quarterly,0,Effective,Effective,25,0,2025-12-15,2026-03-15,R02183,None,Overdue
C0425,Access Control Control 0425,Access Control,Corrective,N. Silva,Monthly,0,Effective,Effective,20,0,2026-02-20,2026-03-22,R03225,None,Overdue
C0426,Incident Response Control 0426,Incident Response,Detective,M. Wijesinghe,Quarterly,0,Effective,Needs Improvement,25,6,2025-06-21,2025-09-19,R03466,Low,Overdue
C0427,Incident Response Control 0427,Incident Response,Detective,N. Silva,Monthly,1,Effective,Effective,20,0,2025-05-07,2025-06-06,R03668,None,Overdue
C0428,Business Continuity Control 0428,Business Continuity,Corrective,D. Senanayake,Annual,0,Ineffective,Effective,30,0,2026-01-02,2027-01-02,R01760,None,Scheduled
C0429,Incident Response Control 0429,Incident Response,Detective,T. Karunaratne,Quarterly,0,Effective,Effective,5,0,2025-12-20,2026-03-20,R04255,None,Overdue
C0430,Security Awareness Control 0430,Security Awareness,Preventive,M. Wijesinghe,Monthly,1,Effective,Effective,5,0,2025-06-03,2025-07-03,R01010,None,Overdue
C0431,Incident Response Control 0431,Incident Response,Detective,R. Gunawardena,Semi-Annual,0,Needs Improvement,Effective,10,0,2025-07-07,2026-01-03,R04109,None,Overdue
C0432,Business Continuity Control 0432,Business Continuity,Preventive,T. Karunaratne,Continuous,1,Needs Improvement,Effective,30,0,2025-12-10,2026-01-09,R04600,None,Overdue
C0433,Third-Party Risk Control 0433,Third-Party Risk,Preventive,N. Silva,Annual,1,Effective,Needs Improvement,40,15,2025-06-19,2026-06-19,R02512,Low,Overdue
C0434,Access Control Control 0434,Access Control,Preventive,M. Wijesinghe,Monthly,1,Effective,Needs Improvement,15,3,2025-10-05,2025-11-04,R03749,Low,Overdue
C0435,Incident Response Control 0435,Incident Response,Detective,K. Fernando,Semi-Annual,1,Needs Improvement,Needs Improvement,20,5,2025-12-09,2026-06-07,R01999,Low,Overdue
C0436,Security Awareness Control 0436,Security Awareness,Preventive,M. Wijesinghe,Semi-Annual,1,Effective,Not Tested,10,1,2026-05-29,2026-11-25,R01412,Low,Scheduled
C0437,Change Management Control 0437,Change Management,Preventive,M. Wijesinghe,Monthly,1,Effective,Ineffective,25,7,2025-06-20,2025-07-20,R01507,High,Overdue
C0438,Security Awareness Control 0438,Security Awareness,Preventive,N. Silva,Semi-Annual,0,Effective,Effective,5,0,2026-06-08,2026-12-05,R02441,None,Scheduled
C0439,Vulnerability Management Control 0439,Vulnerability Management,Detective,A. Perera,Quarterly,0,Needs Improvement,Effective,25,0,2026-08-13,2026-11-11,R03142,None,Scheduled
C0440,Access Control Control 0440,Access Control,Detective,N. Silva,Continuous,0,Effective,Needs Improvement,40,6,2026-01-10,2026-02-09,R03558,Low,Overdue
C0441,Access Control Control 0441,Access Control,Detective,R. Gunawardena,Quarterly,0,Effective,Effective,20,0,2026-08-09,2026-11-07,R03509,None,Scheduled
C0442,Access Control Control 0442,Access Control,Detective,S. Jayasinghe,Continuous,1,Needs Improvement,Ineffective,25,11,2026-01-27,2026-02-26,R03845,Low,Overdue
C0443,Business Continuity Control 0443,Business Continuity,Detective,M. Wijesinghe,Quarterly,0,Needs Improvement,Effective,30,0,2025-06-29,2025-09-27,R00290,None,Overdue
C0444,Incident Response Control 0444,Incident Response,Preventive,A. Perera,Quarterly,0,Effective,Effective,30,0,2025-03-13,2025-06-11,R00654,None,Overdue
C0445,Access Control Control 0445,Access Control,Preventive,S. Jayasinghe,Semi-Annual,1,Needs Improvement,Needs Improvement,40,10,2026-07-05,2027-01-01,R02129,High,Scheduled
C0446,Incident Response Control 0446,Incident Response,Detective,K. Fernando,Monthly,0,Needs Improvement,Not Tested,20,4,2025-03-28,2025-04-27,R04233,Low,Overdue
C0447,Business Continuity Control 0447,Business Continuity,Corrective,N. Silva,Quarterly,1,Effective,Effective,30,0,2025-05-03,2025-08-01,R01470,None,Overdue
C0448,Incident Response Control 0448,Incident Response,Preventive,K. Fernando,Semi-Annual,1,Effective,Effective,40,0,2026-02-28,2026-08-27,R02956,None,Overdue
C0449,Business Continuity Control 0449,Business Continuity,Corrective,K. Fernando,Continuous,1,Effective,Needs Improvement,30,6,2026-01-12,2026-02-11,R01311,Low,Overdue
C0450,Business Continuity Control 0450,Business Continuity,Preventive,R. Gunawardena,Continuous,1,Effective,Effective,25,0,2026-02-13,2026-03-15,R02981,None,Overdue
C0451,Change Management Control 0451,Change Management,Detective,A. Perera,Annual,0,Effective,Needs Improvement,40,17,2025-05-15,2026-05-15,R02622,Medium,Overdue
C0452,Security Awareness Control 0452,Security Awareness,Preventive,R. Gunawardena,Quarterly,0,Effective,Effective,30,0,2026-01-07,2026-04-07,R02530,None,Overdue
C0453,Incident Response Control 0453,Incident Response,Preventive,M. Wijesinghe,Monthly,1,Effective,Needs Improvement,10,2,2026-02-20,2026-03-22,R04365,High,Overdue
C0454,Data Protection Control 0454,Data Protection,Corrective,K. Fernando,Semi-Annual,1,Effective,Effective,20,0,2026-08-28,2027-02-24,R02046,None,Scheduled
C0455,Access Control Control 0455,Access Control,Preventive,T. Karunaratne,Quarterly,1,Effective,Needs Improvement,25,10,2026-07-09,2026-10-07,R02015,Low,Scheduled
C0456,Business Continuity Control 0456,Business Continuity,Preventive,N. Silva,Semi-Annual,1,Effective,Effective,20,0,2026-02-27,2026-08-26,R03586,None,Overdue
C0457,Change Management Control 0457,Change Management,Detective,M. Wijesinghe,Continuous,1,Effective,Effective,20,0,2025-08-28,2025-09-27,R04859,None,Overdue
C0458,Data Protection Control 0458,Data Protection,Corrective,D. Senanayake,Semi-Annual,0,Effective,Effective,20,0,2026-02-15,2026-08-14,R02056,None,Overdue
C0459,Access Control Control 0459,Access Control,Corrective,M. Wijesinghe,Semi-Annual,1,Effective,Needs Improvement,25,10,2026-06-09,2026-12-06,R03574,Low,Scheduled
C0460,Third-Party Risk Control 0460,Third-Party Risk,Preventive,D. Senanayake,Quarterly,0,Needs Improvement,Ineffective,30,5,2025-06-19,2025-09-17,R04953,Critical,Overdue
C0461,Incident Response Control 0461,Incident Response,Preventive,A. Perera,Annual,0,Effective,Not Tested,25,8,2026-05-24,2027-05-24,R01337,Medium,Scheduled
C0462,Access Control Control 0462,Access Control,Preventive,T. Karunaratne,Annual,0,Effective,Effective,30,0,2025-04-11,2026-04-11,R02399,None,Overdue
C0463,Incident Response Control 0463,Incident Response,Preventive,T. Karunaratne,Monthly,0,Effective,Effective,10,0,2025-07-01,2025-07-31,R03549,None,Overdue
C0464,Business Continuity Control 0464,Business Continuity,Preventive,K. Fernando,Semi-Annual,1,Effective,Needs Improvement,15,1,2026-07-12,2027-01-08,R02826,High,Scheduled
C0465,Change Management Control 0465,Change Management,Preventive,R. Gunawardena,Quarterly,0,Effective,Ineffective,30,12,2026-04-08,2026-07-07,R03494,Medium,Overdue
C0466,Incident Response Control 0466,Incident Response,Detective,K. Fernando,Quarterly,0,Needs Improvement,Effective,30,0,2025-12-11,2026-03-11,R04867,None,Overdue
C0467,Third-Party Risk Control 0467,Third-Party Risk,Preventive,T. Karunaratne,Semi-Annual,1,Effective,Needs Improvement,25,10,2025-05-05,2025-11-01,R00215,Medium,Overdue
C0468,Access Control Control 0468,Access Control,Preventive,S. Jayasinghe,Annual,0,Needs Improvement,Effective,20,0,2025-09-24,2026-09-24,R01595,None,Scheduled
C0469,Data Protection Control 0469,Data Protection,Detective,R. Gunawardena,Continuous,0,Needs Improvement,Effective,10,0,2026-02-27,2026-03-29,R00681,None,Overdue
C0470,Change Management Control 0470,Change Management,Preventive,S. Jayasinghe,Continuous,0,Needs Improvement,Effective,40,0,2025-08-10,2025-09-09,R03004,None,Overdue
C0471,Data Protection Control 0471,Data Protection,Preventive,R. Gunawardena,Monthly,0,Effective,Needs Improvement,20,6,2026-06-20,2026-07-20,R04481,High,Overdue
C0472,Change Management Control 0472,Change Management,Preventive,T. Karunaratne,Monthly,0,Effective,Needs Improvement,10,2,2025-10-28,2025-11-27,R00620,Medium,Overdue
C0473,Incident Response Control 0473,Incident Response,Detective,T. Karunaratne,Annual,0,Ineffective,Effective,25,0,2025-04-22,2026-04-22,R00873,None,Overdue
C0474,Data Protection Control 0474,Data Protection,Detective,T. Karunaratne,Quarterly,0,Effective,Effective,20,0,2025-12-05,2026-03-05,R00574,None,Overdue
C0475,Data Protection Control 0475,Data Protection,Preventive,T. Karunaratne,Monthly,1,Effective,Effective,25,0,2025-09-17,2025-10-17,R02108,None,Overdue
C0476,Business Continuity Control 0476,Business Continuity,Detective,D. Senanayake,Annual,1,Effective,Needs Improvement,40,3,2025-07-17,2026-07-17,R01003,Medium,Overdue
C0477,Vulnerability Management Control 0477,Vulnerability Management,Preventive,D. Senanayake,Quarterly,0,Effective,Effective,15,0,2025-05-11,2025-08-09,R02273,None,Overdue
C0478,Incident Response Control 0478,Incident Response,Detective,T. Karunaratne,Continuous,0,Effective,Effective,10,0,2026-02-13,2026-03-15,R01035,None,Overdue
C0479,Change Management Control 0479,Change Management,Detective,T. Karunaratne,Monthly,0,Effective,Effective,15,0,2025-11-05,2025-12-05,R03616,None,Overdue
C0480,Third-Party Risk Control 0480,Third-Party Risk,Detective,N. Silva,Continuous,1,Effective,Ineffective,15,6,2026-07-25,2026-08-24,R03012,Low,Overdue
C0481,Business Continuity Control 0481,Business Continuity,Detective,D. Senanayake,Quarterly,0,Needs Improvement,Effective,20,0,2025-08-09,2025-11-07,R03059,None,Overdue
C0482,Change Management Control 0482,Change Management,Detective,M. Wijesinghe,Continuous,0,Ineffective,Ineffective,20,2,2025-07-29,2025-08-28,R01781,Medium,Overdue
C0483,Business Continuity Control 0483,Business Continuity,Detective,R. Gunawardena,Monthly,0,Effective,Effective,10,0,2026-06-18,2026-07-18,R03107,None,Overdue
C0484,Access Control Control 0484,Access Control,Preventive,T. Karunaratne,Monthly,1,Effective,Effective,40,0,2026-06-09,2026-07-09,R04404,None,Overdue
C0485,Security Awareness Control 0485,Security Awareness,Preventive,T. Karunaratne,Quarterly,0,Effective,Needs Improvement,10,3,2026-03-07,2026-06-05,R03560,High,Overdue
C0486,Vulnerability Management Control 0486,Vulnerability Management,Detective,T. Karunaratne,Continuous,0,Effective,Effective,30,0,2025-12-09,2026-01-08,R01253,None,Overdue
C0487,Access Control Control 0487,Access Control,Detective,M. Wijesinghe,Annual,1,Needs Improvement,Needs Improvement,25,4,2025-09-12,2026-09-12,R04723,Medium,Scheduled
C0488,Change Management Control 0488,Change Management,Preventive,N. Silva,Monthly,0,Effective,Not Tested,25,9,2025-08-03,2025-09-02,R02018,High,Overdue
C0489,Access Control Control 0489,Access Control,Corrective,D. Senanayake,Continuous,1,Effective,Needs Improvement,20,5,2025-11-09,2025-12-09,R03386,Medium,Overdue
C0490,Vulnerability Management Control 0490,Vulnerability Management,Preventive,R. Gunawardena,Quarterly,1,Effective,Needs Improvement,10,3,2025-03-17,2025-06-15,R02819,Low,Overdue
C0491,Third-Party Risk Control 0491,Third-Party Risk,Preventive,A. Perera,Semi-Annual,1,Effective,Needs Improvement,10,1,2026-07-03,2026-12-30,R03441,High,Scheduled
C0492,Change Management Control 0492,Change Management,Preventive,K. Fernando,Semi-Annual,0,Effective,Effective,30,0,2026-04-30,2026-10-27,R03444,None,Scheduled
C0493,Access Control Control 0493,Access Control,Detective,N. Silva,Annual,1,Ineffective,Not Tested,40,13,2026-07-02,2027-07-02,R04823,Low,Scheduled
C0494,Incident Response Control 0494,Incident Response,Preventive,M. Wijesinghe,Monthly,0,Effective,Effective,20,0,2025-09-24,2025-10-24,R02957,None,Overdue
C0495,Access Control Control 0495,Access Control,Preventive,T. Karunaratne,Semi-Annual,0,Needs Improvement,Needs Improvement,10,4,2026-02-02,2026-08-01,R04145,Low,Overdue
C0496,Business Continuity Control 0496,Business Continuity,Preventive,N. Silva,Annual,0,Effective,Effective,10,0,2025-06-15,2026-06-15,R01104,None,Overdue
C0497,Data Protection Control 0497,Data Protection,Preventive,K. Fernando,Monthly,0,Ineffective,Effective,5,0,2025-03-10,2025-04-09,R02322,None,Overdue
C0498,Vulnerability Management Control 0498,Vulnerability Management,Preventive,A. Perera,Quarterly,0,Effective,Not Tested,10,1,2025-12-07,2026-03-07,R04117,High,Overdue
C0499,Data Protection Control 0499,Data Protection,Preventive,T. Karunaratne,Quarterly,0,Effective,Ineffective,10,3,2025-10-29,2026-01-27,R03444,Low,Overdue
C0500,Change Management Control 0500,Change Management,Preventive,D. Senanayake,Continuous,0,Needs Improvement,Effective,10,0,2025-04-23,2025-05-23,R04495,None,Overdue
C0501,Vulnerability Management Control 0501,Vulnerability Management,Detective,D. Senanayake,Semi-Annual,0,Needs Improvement,Not Tested,10,4,2025-11-13,2026-05-12,R03998,High,Overdue
C0502,Vulnerability Management Control 0502,Vulnerability Management,Detective,T. Karunaratne,Quarterly,0,Ineffective,Effective,10,0,2026-06-01,2026-08-30,R02392,None,Overdue
C0503,Access Control Control 0503,Access Control,Preventive,K. Fernando,Monthly,0,Effective,Effective,20,0,2025-07-31,2025-08-30,R03439,None,Overdue
C0504,Third-Party Risk Control 0504,Third-Party Risk,Detective,K. Fernando,Annual,0,Effective,Needs Improvement,30,3,2025-05-16,2026-05-16,R00140,Medium,Overdue
C0505,Security Awareness Control 0505,Security Awareness,Preventive,M. Wijesinghe,Monthly,0,Ineffective,Effective,20,0,2025-06-04,2025-07-04,R04637,None,Overdue
C0506,Data Protection Control 0506,Data Protection,Detective,M. Wijesinghe,Quarterly,0,Effective,Ineffective,25,9,2026-01-25,2026-04-25,R03877,Low,Overdue
C0507,Third-Party Risk Control 0507,Third-Party Risk,Detective,S. Jayasinghe,Semi-Annual,1,Effective,Effective,25,0,2025-05-05,2025-11-01,R03996,None,Overdue
C0508,Incident Response Control 0508,Incident Response,Detective,T. Karunaratne,Monthly,1,Effective,Needs Improvement,5,1,2026-05-07,2026-06-06,R00784,Low,Overdue
C0509,Third-Party Risk Control 0509,Third-Party Risk,Corrective,N. Silva,Continuous,1,Effective,Not Tested,5,1,2025-04-10,2025-05-10,R00970,Medium,Overdue
C0510,Access Control Control 0510,Access Control,Preventive,D. Senanayake,Monthly,0,Needs Improvement,Effective,10,0,2026-03-31,2026-04-30,R01212,None,Overdue
C0511,Data Protection Control 0511,Data Protection,Detective,R. Gunawardena,Quarterly,1,Effective,Not Tested,30,4,2025-12-13,2026-03-13,R00308,Medium,Overdue
C0512,Third-Party Risk Control 0512,Third-Party Risk,Detective,M. Wijesinghe,Continuous,1,Effective,Effective,10,0,2025-08-25,2025-09-24,R00380,None,Overdue
C0513,Access Control Control 0513,Access Control,Corrective,K. Fernando,Continuous,1,Needs Improvement,Effective,10,0,2026-07-05,2026-08-04,R00815,None,Overdue
C0514,Business Continuity Control 0514,Business Continuity,Preventive,K. Fernando,Annual,1,Needs Improvement,Effective,15,0,2026-07-28,2027-07-28,R00165,None,Scheduled
C0515,Access Control Control 0515,Access Control,Preventive,T. Karunaratne,Annual,1,Effective,Effective,40,0,2025-08-29,2026-08-29,R01914,None,Overdue
C0516,Vulnerability Management Control 0516,Vulnerability Management,Detective,R. Gunawardena,Semi-Annual,1,Effective,Not Tested,40,12,2026-01-24,2026-07-23,R00230,Medium,Overdue
C0517,Third-Party Risk Control 0517,Third-Party Risk,Corrective,A. Perera,Semi-Annual,0,Effective,Effective,20,0,2025-04-23,2025-10-20,R04421,None,Overdue
C0518,Security Awareness Control 0518,Security Awareness,Corrective,T. Karunaratne,Continuous,0,Effective,Effective,30,0,2025-06-28,2025-07-28,R04920,None,Overdue
C0519,Data Protection Control 0519,Data Protection,Preventive,S. Jayasinghe,Quarterly,0,Needs Improvement,Needs Improvement,15,4,2026-08-28,2026-11-26,R04415,Low,Scheduled
C0520,Change Management Control 0520,Change Management,Preventive,K. Fernando,Monthly,0,Effective,Effective,10,0,2026-02-02,2026-03-04,R04797,None,Overdue
C0521,Security Awareness Control 0521,Security Awareness,Detective,N. Silva,Quarterly,1,Effective,Not Tested,40,11,2026-01-16,2026-04-16,R04175,Low,Overdue
C0522,Business Continuity Control 0522,Business Continuity,Detective,M. Wijesinghe,Quarterly,0,Effective,Needs Improvement,40,4,2026-08-22,2026-11-20,R02805,Critical,Scheduled
C0523,Access Control Control 0523,Access Control,Detective,K. Fernando,Monthly,1,Needs Improvement,Needs Improvement,15,6,2026-04-20,2026-05-20,R03065,High,Overdue
C0524,Security Awareness Control 0524,Security Awareness,Preventive,N. Silva,Monthly,1,Effective,Effective,25,0,2025-04-01,2025-05-01,R03867,None,Overdue
C0525,Business Continuity Control 0525,Business Continuity,Corrective,T. Karunaratne,Annual,0,Effective,Needs Improvement,30,13,2026-01-19,2027-01-19,R00623,High,Scheduled
C0526,Business Continuity Control 0526,Business Continuity,Detective,N. Silva,Continuous,1,Effective,Effective,5,0,2026-05-24,2026-06-23,R02900,None,Overdue
C0527,Incident Response Control 0527,Incident Response,Detective,M. Wijesinghe,Monthly,1,Effective,Effective,40,0,2026-08-31,2026-09-30,R04395,None,Scheduled
C0528,Vulnerability Management Control 0528,Vulnerability Management,Detective,N. Silva,Annual,1,Effective,Not Tested,40,4,2025-08-19,2026-08-19,R00697,Medium,Overdue
C0529,Incident Response Control 0529,Incident Response,Detective,D. Senanayake,Monthly,1,Effective,Effective,25,0,2026-03-19,2026-04-18,R02559,None,Overdue
C0530,Business Continuity Control 0530,Business Continuity,Corrective,T. Karunaratne,Continuous,0,Effective,Needs Improvement,25,1,2025-09-26,2025-10-26,R04666,High,Overdue
C0531,Change Management Control 0531,Change Management,Preventive,R. Gunawardena,Quarterly,1,Effective,Effective,20,0,2026-03-06,2026-06-04,R02136,None,Overdue
C0532,Change Management Control 0532,Change Management,Corrective,A. Perera,Continuous,0,Needs Improvement,Needs Improvement,25,5,2026-02-27,2026-03-29,R02287,High,Overdue
C0533,Data Protection Control 0533,Data Protection,Preventive,K. Fernando,Semi-Annual,1,Needs Improvement,Effective,20,0,2026-01-16,2026-07-15,R00132,None,Overdue
C0534,Security Awareness Control 0534,Security Awareness,Preventive,M. Wijesinghe,Continuous,0,Effective,Effective,10,0,2025-08-18,2025-09-17,R02465,None,Overdue
C0535,Access Control Control 0535,Access Control,Detective,N. Silva,Annual,1,Effective,Effective,25,0,2025-07-06,2026-07-06,R03367,None,Overdue
C0536,Change Management Control 0536,Change Management,Preventive,R. Gunawardena,Annual,0,Effective,Effective,30,0,2025-07-05,2026-07-05,R01071,None,Overdue
C0537,Security Awareness Control 0537,Security Awareness,Preventive,A. Perera,Semi-Annual,1,Effective,Effective,15,0,2025-08-07,2026-02-03,R01927,None,Overdue
C0538,Business Continuity Control 0538,Business Continuity,Detective,T. Karunaratne,Quarterly,1,Effective,Effective,5,0,2026-06-28,2026-09-26,R04588,None,Scheduled
C0539,Vulnerability Management Control 0539,Vulnerability Management,Detective,M. Wijesinghe,Quarterly,0,Effective,Effective,10,0,2025-11-02,2026-01-31,R00010,None,Overdue
C0540,Data Protection Control 0540,Data Protection,Corrective,N. Silva,Annual,0,Effective,Effective,30,0,2025-11-14,2026-11-14,R04506,None,Scheduled
C0541,Incident Response Control 0541,Incident Response,Preventive,T. Karunaratne,Annual,0,Effective,Effective,20,0,2026-06-04,2027-06-04,R02471,None,Scheduled
C0542,Vulnerability Management Control 0542,Vulnerability Management,Detective,T. Karunaratne,Annual,1,Effective,Effective,10,0,2025-07-22,2026-07-22,R04197,None,Overdue
C0543,Security Awareness Control 0543,Security Awareness,Preventive,K. Fernando,Continuous,1,Effective,Needs Improvement,30,4,2025-04-12,2025-05-12,R02093,High,Overdue
C0544,Access Control Control 0544,Access Control,Detective,R. Gunawardena,Monthly,0,Effective,Effective,15,0,2025-05-05,2025-06-04,R01666,None,Overdue
C0545,Change Management Control 0545,Change Management,Preventive,A. Perera,Quarterly,1,Effective,Needs Improvement,30,7,2025-09-09,2025-12-08,R03701,Medium,Overdue
C0546,Security Awareness Control 0546,Security Awareness,Preventive,N. Silva,Monthly,1,Ineffective,Effective,20,0,2025-08-23,2025-09-22,R00309,None,Overdue
C0547,Change Management Control 0547,Change Management,Preventive,N. Silva,Semi-Annual,1,Effective,Effective,15,0,2026-07-04,2026-12-31,R01607,None,Scheduled
C0548,Business Continuity Control 0548,Business Continuity,Corrective,T. Karunaratne,Semi-Annual,0,Effective,Effective,25,0,2026-01-10,2026-07-09,R04823,None,Overdue
C0549,Security Awareness Control 0549,Security Awareness,Detective,A. Perera,Monthly,1,Effective,Effective,40,0,2025-05-15,2025-06-14,R01617,None,Overdue
C0550,Access Control Control 0550,Access Control,Corrective,D. Senanayake,Monthly,0,Ineffective,Needs Improvement,25,2,2026-01-02,2026-02-01,R04751,Low,Overdue
C0551,Data Protection Control 0551,Data Protection,Detective,T. Karunaratne,Annual,1,Needs Improvement,Effective,20,0,2025-06-09,2026-06-09,R02667,None,Overdue
C0552,Business Continuity Control 0552,Business Continuity,Detective,K. Fernando,Quarterly,0,Effective,Effective,20,0,2025-10-03,2026-01-01,R04581,None,Overdue
C0553,Data Protection Control 0553,Data Protection,Preventive,A. Perera,Continuous,0,Effective,Needs Improvement,15,1,2025-03-25,2025-04-24,R03536,Medium,Overdue
C0554,Access Control Control 0554,Access Control,Preventive,M. Wijesinghe,Quarterly,0,Effective,Needs Improvement,40,6,2025-05-06,2025-08-04,R04041,Medium,Overdue
C0555,Security Awareness Control 0555,Security Awareness,Detective,A. Perera,Quarterly,0,Effective,Effective,25,0,2025-08-23,2025-11-21,R04837,None,Overdue
C0556,Third-Party Risk Control 0556,Third-Party Risk,Corrective,R. Gunawardena,Annual,1,Needs Improvement,Needs Improvement,40,6,2026-03-19,2027-03-19,R01206,Medium,Scheduled
C0557,Business Continuity Control 0557,Business Continuity,Detective,K. Fernando,Monthly,1,Effective,Effective,40,0,2025-08-07,2025-09-06,R00478,None,Overdue
C0558,Change Management Control 0558,Change Management,Detective,S. Jayasinghe,Annual,0,Ineffective,Needs Improvement,25,3,2025-10-15,2026-10-15,R03717,High,Scheduled
C0559,Business Continuity Control 0559,Business Continuity,Detective,D. Senanayake,Monthly,1,Ineffective,Needs Improvement,25,2,2025-09-02,2025-10-02,R04384,High,Overdue
C0560,Business Continuity Control 0560,Business Continuity,Detective,K. Fernando,Monthly,0,Effective,Effective,10,0,2026-02-19,2026-03-21,R04137,None,Overdue
C0561,Access Control Control 0561,Access Control,Detective,S. Jayasinghe,Annual,0,Effective,Needs Improvement,30,2,2025-03-20,2026-03-20,R01249,High,Overdue
C0562,Security Awareness Control 0562,Security Awareness,Corrective,N. Silva,Monthly,1,Ineffective,Needs Improvement,15,2,2026-06-06,2026-07-06,R02235,Critical,Overdue
C0563,Vulnerability Management Control 0563,Vulnerability Management,Detective,D. Senanayake,Quarterly,0,Needs Improvement,Effective,30,0,2026-06-26,2026-09-24,R00182,None,Scheduled
C0564,Change Management Control 0564,Change Management,Detective,T. Karunaratne,Quarterly,0,Effective,Needs Improvement,20,6,2025-06-29,2025-09-27,R00832,Medium,Overdue
C0565,Change Management Control 0565,Change Management,Preventive,N. Silva,Continuous,1,Effective,Effective,20,0,2025-11-07,2025-12-07,R04049,None,Overdue
C0566,Incident Response Control 0566,Incident Response,Preventive,R. Gunawardena,Monthly,1,Effective,Ineffective,20,5,2026-05-02,2026-06-01,R00423,Medium,Overdue
C0567,Change Management Control 0567,Change Management,Detective,N. Silva,Annual,1,Needs Improvement,Effective,5,0,2026-02-27,2027-02-27,R01034,None,Scheduled
C0568,Business Continuity Control 0568,Business Continuity,Preventive,A. Perera,Quarterly,1,Effective,Effective,25,0,2025-11-08,2026-02-06,R03588,None,Overdue
C0569,Security Awareness Control 0569,Security Awareness,Preventive,D. Senanayake,Quarterly,1,Needs Improvement,Effective,20,0,2025-08-01,2025-10-30,R04431,None,Overdue
C0570,Business Continuity Control 0570,Business Continuity,Preventive,N. Silva,Quarterly,0,Effective,Needs Improvement,5,1,2025-06-11,2025-09-09,R03069,Medium,Overdue
C0571,Business Continuity Control 0571,Business Continuity,Detective,S. Jayasinghe,Monthly,1,Ineffective,Effective,10,0,2025-10-03,2025-11-02,R02962,None,Overdue
C0572,Business Continuity Control 0572,Business Continuity,Preventive,D. Senanayake,Quarterly,1,Effective,Needs Improvement,30,2,2025-04-18,2025-07-17,R02302,Medium,Overdue
C0573,Security Awareness Control 0573,Security Awareness,Preventive,D. Senanayake,Quarterly,1,Effective,Effective,25,0,2026-05-18,2026-08-16,R01349,None,Overdue
C0574,Business Continuity Control 0574,Business Continuity,Preventive,N. Silva,Annual,1,Effective,Effective,40,0,2025-10-04,2026-10-04,R00681,None,Scheduled
C0575,Security Awareness Control 0575,Security Awareness,Detective,A. Perera,Annual,1,Ineffective,Needs Improvement,15,4,2026-01-18,2027-01-18,R02063,Medium,Scheduled
C0576,Change Management Control 0576,Change Management,Preventive,R. Gunawardena,Annual,0,Needs Improvement,Ineffective,15,4,2025-05-28,2026-05-28,R02108,Medium,Overdue
C0577,Vulnerability Management Control 0577,Vulnerability Management,Detective,A. Perera,Quarterly,0,Effective,Needs Improvement,25,9,2026-05-15,2026-08-13,R04229,Low,Overdue
C0578,Business Continuity Control 0578,Business Continuity,Preventive,K. Fernando,Quarterly,0,Effective,Needs Improvement,20,2,2026-01-25,2026-04-25,R03045,High,Overdue
C0579,Change Management Control 0579,Change Management,Corrective,S. Jayasinghe,Monthly,1,Effective,Effective,20,0,2026-08-19,2026-09-18,R00914,None,Scheduled
C0580,Security Awareness Control 0580,Security Awareness,Preventive,K. Fernando,Continuous,1,Needs Improvement,Needs Improvement,25,3,2026-07-20,2026-08-19,R03240,Medium,Overdue
C0581,Change Management Control 0581,Change Management,Corrective,D. Senanayake,Continuous,0,Needs Improvement,Effective,25,0,2026-08-17,2026-09-16,R01769,None,Scheduled
C0582,Third-Party Risk Control 0582,Third-Party Risk,Preventive,A. Perera,Semi-Annual,0,Needs Improvement,Effective,25,0,2026-08-11,2027-02-07,R04509,None,Scheduled
C0583,Security Awareness Control 0583,Security Awareness,Detective,D. Senanayake,Quarterly,1,Effective,Needs Improvement,20,6,2026-01-03,2026-04-03,R01876,Low,Overdue
C0584,Data Protection Control 0584,Data Protection,Corrective,K. Fernando,Monthly,1,Effective,Effective,10,0,2026-01-25,2026-02-24,R00252,None,Overdue
C0585,Change Management Control 0585,Change Management,Preventive,A. Perera,Monthly,1,Effective,Not Tested,5,1,2025-10-30,2025-11-29,R02650,High,Overdue
C0586,Vulnerability Management Control 0586,Vulnerability Management,Preventive,T. Karunaratne,Continuous,1,Effective,Effective,10,0,2026-04-09,2026-05-09,R03760,None,Overdue
C0587,Third-Party Risk Control 0587,Third-Party Risk,Detective,D. Senanayake,Annual,0,Ineffective,Effective,20,0,2026-07-04,2027-07-04,R04876,None,Scheduled
C0588,Data Protection Control 0588,Data Protection,Corrective,K. Fernando,Quarterly,1,Ineffective,Effective,10,0,2025-03-24,2025-06-22,R00285,None,Overdue
C0589,Data Protection Control 0589,Data Protection,Corrective,D. Senanayake,Continuous,0,Effective,Effective,5,0,2025-12-27,2026-01-26,R01381,None,Overdue
C0590,Change Management Control 0590,Change Management,Detective,K. Fernando,Semi-Annual,0,Effective,Effective,15,0,2025-06-05,2025-12-02,R00030,None,Overdue
C0591,Vulnerability Management Control 0591,Vulnerability Management,Corrective,N. Silva,Quarterly,1,Effective,Effective,30,0,2025-03-22,2025-06-20,R00644,None,Overdue
C0592,Change Management Control 0592,Change Management,Corrective,D. Senanayake,Semi-Annual,0,Effective,Effective,40,0,2025-12-18,2026-06-16,R01640,None,Overdue
C0593,Business Continuity Control 0593,Business Continuity,Preventive,K. Fernando,Quarterly,0,Effective,Effective,25,0,2025-10-22,2026-01-20,R03216,None,Overdue
C0594,Data Protection Control 0594,Data Protection,Corrective,M. Wijesinghe,Monthly,0,Needs Improvement,Effective,20,0,2025-10-11,2025-11-10,R04931,None,Overdue
C0595,Business Continuity Control 0595,Business Continuity,Preventive,R. Gunawardena,Quarterly,1,Effective,Effective,5,0,2025-04-16,2025-07-15,R00020,None,Overdue
C0596,Change Management Control 0596,Change Management,Preventive,N. Silva,Monthly,0,Needs Improvement,Needs Improvement,10,4,2026-01-21,2026-02-20,R03764,Low,Overdue
C0597,Third-Party Risk Control 0597,Third-Party Risk,Corrective,A. Perera,Monthly,0,Effective,Needs Improvement,25,3,2026-06-03,2026-07-03,R04975,Medium,Overdue
C0598,Business Continuity Control 0598,Business Continuity,Preventive,D. Senanayake,Continuous,0,Effective,Effective,5,0,2025-09-19,2025-10-19,R04303,None,Overdue
C0599,Security Awareness Control 0599,Security Awareness,Preventive,R. Gunawardena,Monthly,1,Effective,Ineffective,25,10,2025-03-21,2025-04-20,R03829,Medium,Overdue
C0600,Incident Response Control 0600,Incident Response,Detective,M. Wijesinghe,Monthly,0,Needs Improvement,Needs Improvement,30,12,2025-07-29,2025-08-28,R04697,Low,Overdue
C0601,Data Protection Control 0601,Data Protection,Preventive,S. Jayasinghe,Quarterly,0,Effective,Ineffective,25,8,2025-08-23,2025-11-21,R00246,Low,Overdue
C0602,Access Control Control 0602,Access Control,Detective,S. Jayasinghe,Annual,0,Needs Improvement,Effective,15,0,2026-02-05,2027-02-05,R02264,None,Scheduled
C0603,Incident Response Control 0603,Incident Response,Detective,S. Jayasinghe,Quarterly,0,Effective,Effective,40,0,2025-03-20,2025-06-18,R00673,None,Overdue
C0604,Change Management Control 0604,Change Management,Preventive,R. Gunawardena,Annual,0,Effective,Effective,20,0,2025-06-20,2026-06-20,R01667,None,Overdue
C0605,Change Management Control 0605,Change Management,Preventive,A. Perera,Annual,0,Effective,Effective,15,0,2025-06-01,2026-06-01,R00030,None,Overdue
C0606,Access Control Control 0606,Access Control,Preventive,D. Senanayake,Annual,0,Effective,Ineffective,10,1,2026-04-30,2027-04-30,R03615,Low,Scheduled
C0607,Business Continuity Control 0607,Business Continuity,Corrective,N. Silva,Quarterly,0,Effective,Needs Improvement,30,6,2025-05-24,2025-08-22,R01468,High,Overdue
C0608,Security Awareness Control 0608,Security Awareness,Preventive,R. Gunawardena,Continuous,0,Effective,Needs Improvement,40,12,2025-03-17,2025-04-16,R03967,Low,Overdue
C0609,Security Awareness Control 0609,Security Awareness,Detective,T. Karunaratne,Semi-Annual,1,Effective,Effective,15,0,2025-07-05,2026-01-01,R01752,None,Overdue
C0610,Vulnerability Management Control 0610,Vulnerability Management,Detective,T. Karunaratne,Quarterly,1,Needs Improvement,Effective,30,0,2026-02-23,2026-05-24,R01451,None,Overdue
C0611,Data Protection Control 0611,Data Protection,Corrective,R. Gunawardena,Continuous,1,Needs Improvement,Effective,30,0,2025-03-11,2025-04-10,R02085,None,Overdue
C0612,Vulnerability Management Control 0612,Vulnerability Management,Preventive,A. Perera,Monthly,0,Effective,Needs Improvement,25,3,2025-09-30,2025-10-30,R00446,Low,Overdue
C0613,Access Control Control 0613,Access Control,Preventive,D. Senanayake,Semi-Annual,0,Effective,Effective,10,0,2025-07-04,2025-12-31,R01561,None,Overdue
C0614,Change Management Control 0614,Change Management,Preventive,N. Silva,Quarterly,1,Effective,Effective,30,0,2026-01-02,2026-04-02,R01611,None,Overdue
C0615,Change Management Control 0615,Change Management,Preventive,R. Gunawardena,Monthly,0,Effective,Effective,20,0,2026-04-03,2026-05-03,R04130,None,Overdue
C0616,Access Control Control 0616,Access Control,Preventive,M. Wijesinghe,Quarterly,0,Needs Improvement,Effective,5,0,2026-08-02,2026-10-31,R02387,None,Scheduled
C0617,Access Control Control 0617,Access Control,Corrective,R. Gunawardena,Semi-Annual,1,Effective,Ineffective,20,7,2025-04-04,2025-10-01,R00390,Medium,Overdue
C0618,Data Protection Control 0618,Data Protection,Preventive,S. Jayasinghe,Monthly,1,Effective,Needs Improvement,5,2,2025-10-20,2025-11-19,R04661,Low,Overdue
C0619,Third-Party Risk Control 0619,Third-Party Risk,Detective,S. Jayasinghe,Annual,1,Needs Improvement,Effective,25,0,2025-08-15,2026-08-15,R04539,None,Overdue
C0620,Third-Party Risk Control 0620,Third-Party Risk,Detective,T. Karunaratne,Quarterly,0,Effective,Effective,30,0,2025-08-25,2025-11-23,R01268,None,Overdue
C0621,Access Control Control 0621,Access Control,Preventive,M. Wijesinghe,Annual,0,Effective,Ineffective,15,6,2025-03-12,2026-03-12,R04541,High,Overdue
C0622,Change Management Control 0622,Change Management,Corrective,D. Senanayake,Quarterly,0,Ineffective,Effective,25,0,2025-07-18,2025-10-16,R02063,None,Overdue
C0623,Incident Response Control 0623,Incident Response,Detective,A. Perera,Annual,1,Effective,Needs Improvement,25,5,2025-04-15,2026-04-15,R01817,Low,Overdue
C0624,Incident Response Control 0624,Incident Response,Preventive,R. Gunawardena,Monthly,0,Effective,Needs Improvement,30,2,2025-07-20,2025-08-19,R02503,Low,Overdue
C0625,Access Control Control 0625,Access Control,Preventive,D. Senanayake,Semi-Annual,1,Needs Improvement,Effective,15,0,2025-05-19,2025-11-15,R02864,None,Overdue
C0626,Security Awareness Control 0626,Security Awareness,Detective,N. Silva,Monthly,1,Effective,Effective,25,0,2026-05-26,2026-06-25,R02035,None,Overdue
C0627,Data Protection Control 0627,Data Protection,Detective,K. Fernando,Continuous,0,Effective,Needs Improvement,10,1,2026-04-16,2026-05-16,R00077,Medium,Overdue
C0628,Security Awareness Control 0628,Security Awareness,Preventive,N. Silva,Annual,0,Effective,Not Tested,10,1,2025-09-14,2026-09-14,R01502,Medium,Scheduled
C0629,Change Management Control 0629,Change Management,Corrective,S. Jayasinghe,Quarterly,0,Needs Improvement,Needs Improvement,40,10,2025-11-03,2026-02-01,R00713,High,Overdue
C0630,Third-Party Risk Control 0630,Third-Party Risk,Detective,A. Perera,Continuous,1,Needs Improvement,Effective,30,0,2025-09-23,2025-10-23,R00472,None,Overdue
C0631,Data Protection Control 0631,Data Protection,Preventive,A. Perera,Semi-Annual,0,Needs Improvement,Effective,30,0,2026-02-05,2026-08-04,R04427,None,Overdue
C0632,Access Control Control 0632,Access Control,Preventive,N. Silva,Semi-Annual,1,Ineffective,Effective,30,0,2025-09-21,2026-03-20,R03097,None,Overdue
C0633,Business Continuity Control 0633,Business Continuity,Detective,S. Jayasinghe,Continuous,0,Effective,Ineffective,5,2,2026-08-23,2026-09-22,R04541,High,Scheduled
C0634,Access Control Control 0634,Access Control,Preventive,T. Karunaratne,Continuous,0,Effective,Effective,30,0,2026-02-04,2026-03-06,R00373,None,Overdue
C0635,Data Protection Control 0635,Data Protection,Detective,S. Jayasinghe,Monthly,0,Needs Improvement,Effective,25,0,2025-05-15,2025-06-14,R00515,None,Overdue
C0636,Business Continuity Control 0636,Business Continuity,Preventive,D. Senanayake,Quarterly,1,Effective,Needs Improvement,10,4,2026-03-18,2026-06-16,R03291,Medium,Overdue
C0637,Business Continuity Control 0637,Business Continuity,Preventive,R. Gunawardena,Quarterly,0,Ineffective,Needs Improvement,40,15,2026-03-21,2026-06-19,R00342,Medium,Overdue
C0638,Change Management Control 0638,Change Management,Preventive,T. Karunaratne,Semi-Annual,0,Effective,Needs Improvement,30,13,2025-04-17,2025-10-14,R04110,Medium,Overdue
C0639,Access Control Control 0639,Access Control,Detective,S. Jayasinghe,Monthly,0,Needs Improvement,Effective,40,0,2026-04-24,2026-05-24,R02363,None,Overdue
C0640,Access Control Control 0640,Access Control,Detective,T. Karunaratne,Continuous,1,Effective,Effective,20,0,2025-03-18,2025-04-17,R04784,None,Overdue
C0641,Incident Response Control 0641,Incident Response,Detective,M. Wijesinghe,Annual,1,Effective,Effective,25,0,2026-03-07,2027-03-07,R03157,None,Scheduled
C0642,Third-Party Risk Control 0642,Third-Party Risk,Detective,A. Perera,Quarterly,0,Needs Improvement,Needs Improvement,5,1,2026-02-21,2026-05-22,R00952,Low,Overdue
C0643,Access Control Control 0643,Access Control,Preventive,R. Gunawardena,Quarterly,0,Needs Improvement,Effective,20,0,2026-04-26,2026-07-25,R02999,None,Overdue
C0644,Vulnerability Management Control 0644,Vulnerability Management,Preventive,S. Jayasinghe,Continuous,1,Needs Improvement,Needs Improvement,25,6,2026-08-14,2026-09-13,R02031,Low,Scheduled
C0645,Third-Party Risk Control 0645,Third-Party Risk,Detective,D. Senanayake,Annual,0,Effective,Effective,25,0,2026-01-20,2027-01-20,R03213,None,Scheduled
C0646,Change Management Control 0646,Change Management,Preventive,R. Gunawardena,Semi-Annual,0,Effective,Needs Improvement,25,5,2026-08-20,2027-02-16,R01963,Low,Scheduled
C0647,Business Continuity Control 0647,Business Continuity,Preventive,D. Senanayake,Monthly,0,Effective,Effective,20,0,2026-05-13,2026-06-12,R03086,None,Overdue
C0648,Data Protection Control 0648,Data Protection,Preventive,M. Wijesinghe,Quarterly,1,Effective,Needs Improvement,15,1,2026-07-08,2026-10-06,R03165,Medium,Scheduled
C0649,Access Control Control 0649,Access Control,Detective,K. Fernando,Continuous,0,Effective,Effective,30,0,2026-07-24,2026-08-23,R04817,None,Overdue
C0650,Third-Party Risk Control 0650,Third-Party Risk,Detective,T. Karunaratne,Quarterly,0,Effective,Needs Improvement,5,2,2025-03-18,2025-06-16,R04265,Medium,Overdue
C0651,Access Control Control 0651,Access Control,Preventive,D. Senanayake,Quarterly,1,Needs Improvement,Effective,15,0,2026-05-24,2026-08-22,R01552,None,Overdue
C0652,Incident Response Control 0652,Incident Response,Detective,S. Jayasinghe,Quarterly,0,Effective,Effective,25,0,2025-03-25,2025-06-23,R03580,None,Overdue
C0653,Change Management Control 0653,Change Management,Detective,D. Senanayake,Annual,0,Effective,Needs Improvement,20,5,2025-09-13,2026-09-13,R03488,Low,Scheduled
C0654,Data Protection Control 0654,Data Protection,Preventive,N. Silva,Continuous,0,Effective,Effective,40,0,2026-02-10,2026-03-12,R03670,None,Overdue
C0655,Incident Response Control 0655,Incident Response,Detective,R. Gunawardena,Semi-Annual,1,Effective,Effective,15,0,2025-03-29,2025-09-25,R00749,None,Overdue
C0656,Security Awareness Control 0656,Security Awareness,Preventive,T. Karunaratne,Annual,1,Needs Improvement,Effective,20,0,2026-01-11,2027-01-11,R02109,None,Scheduled
C0657,Data Protection Control 0657,Data Protection,Detective,A. Perera,Annual,0,Effective,Effective,20,0,2025-06-03,2026-06-03,R03530,None,Overdue
C0658,Data Protection Control 0658,Data Protection,Corrective,T. Karunaratne,Quarterly,0,Effective,Needs Improvement,20,1,2025-11-17,2026-02-15,R04759,Medium,Overdue
C0659,Incident Response Control 0659,Incident Response,Preventive,S. Jayasinghe,Annual,1,Effective,Effective,5,0,2025-04-11,2026-04-11,R01670,None,Overdue
C0660,Change Management Control 0660,Change Management,Preventive,R. Gunawardena,Annual,1,Needs Improvement,Needs Improvement,20,4,2026-04-14,2027-04-14,R02083,Medium,Scheduled
C0661,Security Awareness Control 0661,Security Awareness,Preventive,R. Gunawardena,Semi-Annual,0,Effective,Effective,30,0,2026-05-17,2026-11-13,R01464,None,Scheduled
C0662,Third-Party Risk Control 0662,Third-Party Risk,Corrective,A. Perera,Annual,1,Effective,Effective,15,0,2026-05-02,2027-05-02,R04797,None,Scheduled
C0663,Vulnerability Management Control 0663,Vulnerability Management,Detective,A. Perera,Monthly,1,Effective,Not Tested,40,7,2025-11-16,2025-12-16,R01477,Low,Overdue
C0664,Access Control Control 0664,Access Control,Preventive,D. Senanayake,Quarterly,1,Effective,Needs Improvement,15,3,2026-03-06,2026-06-04,R02419,Critical,Overdue
C0665,Third-Party Risk Control 0665,Third-Party Risk,Preventive,T. Karunaratne,Annual,1,Effective,Ineffective,30,10,2025-11-28,2026-11-28,R03723,Medium,Scheduled
C0666,Vulnerability Management Control 0666,Vulnerability Management,Preventive,N. Silva,Semi-Annual,0,Effective,Not Tested,15,6,2025-08-05,2026-02-01,R00303,Medium,Overdue
C0667,Vulnerability Management Control 0667,Vulnerability Management,Preventive,K. Fernando,Monthly,1,Effective,Effective,15,0,2025-08-13,2025-09-12,R01713,None,Overdue
C0668,Security Awareness Control 0668,Security Awareness,Preventive,D. Senanayake,Monthly,1,Needs Improvement,Ineffective,40,9,2025-09-17,2025-10-17,R03709,Low,Overdue
C0669,Access Control Control 0669,Access Control,Corrective,K. Fernando,Monthly,0,Ineffective,Needs Improvement,25,6,2025-08-20,2025-09-19,R00291,Low,Overdue
C0670,Third-Party Risk Control 0670,Third-Party Risk,Detective,D. Senanayake,Quarterly,0,Effective,Effective,30,0,2025-09-07,2025-12-06,R01382,None,Overdue
C0671,Third-Party Risk Control 0671,Third-Party Risk,Preventive,D. Senanayake,Monthly,0,Effective,Not Tested,15,3,2025-06-16,2025-07-16,R00422,Low,Overdue
C0672,Vulnerability Management Control 0672,Vulnerability Management,Detective,T. Karunaratne,Monthly,0,Effective,Effective,10,0,2025-09-24,2025-10-24,R02690,None,Overdue
C0673,Access Control Control 0673,Access Control,Corrective,D. Senanayake,Continuous,1,Effective,Effective,25,0,2025-07-16,2025-08-15,R02291,None,Overdue
C0674,Business Continuity Control 0674,Business Continuity,Preventive,A. Perera,Semi-Annual,0,Needs Improvement,Effective,30,0,2025-11-10,2026-05-09,R02776,None,Overdue
C0675,Security Awareness Control 0675,Security Awareness,Detective,A. Perera,Monthly,0,Effective,Needs Improvement,25,1,2026-08-31,2026-09-30,R04217,Medium,Scheduled
C0676,Security Awareness Control 0676,Security Awareness,Preventive,N. Silva,Semi-Annual,0,Ineffective,Effective,40,0,2026-03-13,2026-09-09,R03431,None,Scheduled
C0677,Third-Party Risk Control 0677,Third-Party Risk,Preventive,K. Fernando,Quarterly,1,Effective,Needs Improvement,25,11,2025-03-11,2025-06-09,R04161,High,Overdue
C0678,Change Management Control 0678,Change Management,Preventive,M. Wijesinghe,Monthly,0,Effective,Effective,30,0,2025-11-06,2025-12-06,R00187,None,Overdue
C0679,Incident Response Control 0679,Incident Response,Detective,N. Silva,Semi-Annual,0,Effective,Needs Improvement,10,4,2025-10-09,2026-04-07,R00520,Medium,Overdue
C0680,Data Protection Control 0680,Data Protection,Preventive,M. Wijesinghe,Monthly,1,Effective,Effective,15,0,2026-04-05,2026-05-05,R04445,None,Overdue
C0681,Change Management Control 0681,Change Management,Detective,A. Perera,Monthly,0,Effective,Needs Improvement,40,17,2025-06-09,2025-07-09,R04408,High,Overdue
C0682,Incident Response Control 0682,Incident Response,Detective,K. Fernando,Quarterly,1,Effective,Needs Improvement,10,1,2025-10-12,2026-01-10,R00941,Medium,Overdue
C0683,Change Management Control 0683,Change Management,Detective,R. Gunawardena,Continuous,1,Needs Improvement,Not Tested,40,15,2026-01-22,2026-02-21,R03301,High,Overdue
C0684,Change Management Control 0684,Change Management,Preventive,T. Karunaratne,Monthly,1,Needs Improvement,Needs Improvement,15,3,2025-12-15,2026-01-14,R02694,Medium,Overdue
C0685,Incident Response Control 0685,Incident Response,Preventive,K. Fernando,Monthly,1,Effective,Ineffective,5,2,2026-07-14,2026-08-13,R03566,Low,Overdue
C0686,Security Awareness Control 0686,Security Awareness,Preventive,K. Fernando,Annual,1,Needs Improvement,Ineffective,25,5,2026-02-08,2027-02-08,R01474,Critical,Scheduled
C0687,Change Management Control 0687,Change Management,Preventive,M. Wijesinghe,Quarterly,1,Ineffective,Needs Improvement,5,1,2025-08-10,2025-11-08,R04077,Critical,Overdue
C0688,Security Awareness Control 0688,Security Awareness,Detective,M. Wijesinghe,Semi-Annual,0,Effective,Effective,30,0,2025-06-29,2025-12-26,R03291,None,Overdue
C0689,Incident Response Control 0689,Incident Response,Preventive,D. Senanayake,Quarterly,0,Effective,Ineffective,15,6,2025-10-18,2026-01-16,R01195,High,Overdue
C0690,Incident Response Control 0690,Incident Response,Corrective,K. Fernando,Annual,0,Effective,Needs Improvement,5,1,2025-05-04,2026-05-04,R01569,Medium,Overdue
C0691,Access Control Control 0691,Access Control,Detective,S. Jayasinghe,Monthly,1,Needs Improvement,Effective,25,0,2025-03-12,2025-04-11,R03654,None,Overdue
C0692,Incident Response Control 0692,Incident Response,Preventive,N. Silva,Monthly,1,Needs Improvement,Effective,30,0,2026-01-12,2026-02-11,R04313,None,Overdue
C0693,Access Control Control 0693,Access Control,Detective,D. Senanayake,Monthly,0,Effective,Not Tested,5,2,2025-10-31,2025-11-30,R01780,Low,Overdue
C0694,Security Awareness Control 0694,Security Awareness,Preventive,D. Senanayake,Continuous,1,Effective,Needs Improvement,10,2,2025-06-20,2025-07-20,R02757,Medium,Overdue
C0695,Data Protection Control 0695,Data Protection,Preventive,D. Senanayake,Monthly,0,Effective,Effective,10,0,2025-08-26,2025-09-25,R03876,None,Overdue
C0696,Change Management Control 0696,Change Management,Detective,R. Gunawardena,Semi-Annual,0,Effective,Effective,40,0,2025-03-12,2025-09-08,R00539,None,Overdue
C0697,Incident Response Control 0697,Incident Response,Corrective,R. Gunawardena,Semi-Annual,0,Needs Improvement,Effective,5,0,2026-08-02,2027-01-29,R01332,None,Scheduled
C0698,Access Control Control 0698,Access Control,Preventive,M. Wijesinghe,Monthly,1,Effective,Not Tested,10,4,2025-04-14,2025-05-14,R04359,Low,Overdue
C0699,Data Protection Control 0699,Data Protection,Detective,S. Jayasinghe,Quarterly,0,Effective,Not Tested,10,2,2026-06-17,2026-09-15,R01752,Low,Scheduled
C0700,Access Control Control 0700,Access Control,Detective,N. Silva,Monthly,1,Effective,Effective,40,0,2025-03-10,2025-04-09,R01885,None,Overdue
C0701,Security Awareness Control 0701,Security Awareness,Corrective,D. Senanayake,Annual,0,Effective,Effective,30,0,2026-02-10,2027-02-10,R01328,None,Scheduled
C0702,Third-Party Risk Control 0702,Third-Party Risk,Detective,M. Wijesinghe,Continuous,0,Effective,Effective,10,0,2026-08-03,2026-09-02,R01258,None,Scheduled
C0703,Security Awareness Control 0703,Security Awareness,Detective,K. Fernando,Monthly,1,Needs Improvement,Effective,5,0,2026-04-29,2026-05-29,R02722,None,Overdue
C0704,Third-Party Risk Control 0704,Third-Party Risk,Preventive,D. Senanayake,Continuous,1,Effective,Effective,25,0,2025-12-27,2026-01-26,R02721,None,Overdue
C0705,Change Management Control 0705,Change Management,Detective,A. Perera,Quarterly,1,Needs Improvement,Effective,10,0,2026-08-07,2026-11-05,R04456,None,Scheduled
C0706,Incident Response Control 0706,Incident Response,Detective,N. Silva,Quarterly,0,Needs Improvement,Effective,20,0,2025-08-18,2025-11-16,R02016,None,Overdue
C0707,Access Control Control 0707,Access Control,Detective,R. Gunawardena,Quarterly,1,Effective,Effective,40,0,2025-12-28,2026-03-28,R02792,None,Overdue
C0708,Data Protection Control 0708,Data Protection,Preventive,R. Gunawardena,Annual,1,Effective,Effective,40,0,2026-04-24,2027-04-24,R02642,None,Scheduled
C0709,Access Control Control 0709,Access Control,Preventive,A. Perera,Monthly,1,Needs Improvement,Not Tested,20,8,2026-03-20,2026-04-19,R02178,Medium,Overdue
C0710,Security Awareness Control 0710,Security Awareness,Preventive,A. Perera,Annual,0,Needs Improvement,Effective,20,0,2025-05-10,2026-05-10,R00609,None,Overdue
C0711,Security Awareness Control 0711,Security Awareness,Preventive,S. Jayasinghe,Annual,0,Effective,Needs Improvement,15,2,2025-12-22,2026-12-22,R03579,Medium,Scheduled
C0712,Business Continuity Control 0712,Business Continuity,Detective,N. Silva,Semi-Annual,0,Needs Improvement,Effective,30,0,2025-03-31,2025-09-27,R02658,None,Overdue
C0713,Vulnerability Management Control 0713,Vulnerability Management,Corrective,N. Silva,Annual,0,Effective,Effective,40,0,2025-03-12,2026-03-12,R00844,None,Overdue
C0714,Access Control Control 0714,Access Control,Corrective,T. Karunaratne,Semi-Annual,1,Needs Improvement,Effective,10,0,2025-10-12,2026-04-10,R02473,None,Overdue
C0715,Access Control Control 0715,Access Control,Detective,K. Fernando,Annual,1,Needs Improvement,Effective,10,0,2025-12-01,2026-12-01,R00191,None,Scheduled
C0716,Incident Response Control 0716,Incident Response,Detective,K. Fernando,Quarterly,0,Effective,Effective,20,0,2025-08-01,2025-10-30,R03899,None,Overdue
C0717,Change Management Control 0717,Change Management,Preventive,D. Senanayake,Annual,0,Effective,Effective,10,0,2025-05-20,2026-05-20,R00329,None,Overdue
C0718,Third-Party Risk Control 0718,Third-Party Risk,Detective,D. Senanayake,Semi-Annual,0,Ineffective,Effective,25,0,2025-06-26,2025-12-23,R01919,None,Overdue
C0719,Access Control Control 0719,Access Control,Detective,T. Karunaratne,Annual,1,Needs Improvement,Effective,10,0,2025-04-13,2026-04-13,R01199,None,Overdue
C0720,Security Awareness Control 0720,Security Awareness,Detective,R. Gunawardena,Semi-Annual,0,Effective,Needs Improvement,15,4,2025-08-23,2026-02-19,R02708,Medium,Overdue
C0721,Business Continuity Control 0721,Business Continuity,Detective,M. Wijesinghe,Annual,0,Effective,Effective,30,0,2025-03-22,2026-03-22,R04348,None,Overdue
C0722,Incident Response Control 0722,Incident Response,Preventive,N. Silva,Continuous,0,Needs Improvement,Needs Improvement,10,3,2025-11-10,2025-12-10,R00376,Low,Overdue
C0723,Vulnerability Management Control 0723,Vulnerability Management,Detective,N. Silva,Monthly,0,Effective,Effective,10,0,2025-11-20,2025-12-20,R04208,None,Overdue
C0724,Incident Response Control 0724,Incident Response,Preventive,D. Senanayake,Continuous,1,Effective,Needs Improvement,20,6,2025-10-11,2025-11-10,R03389,Medium,Overdue
C0725,Security Awareness Control 0725,Security Awareness,Detective,A. Perera,Quarterly,0,Effective,Effective,15,0,2026-04-13,2026-07-12,R02422,None,Overdue
C0726,Vulnerability Management Control 0726,Vulnerability Management,Detective,T. Karunaratne,Continuous,0,Effective,Effective,30,0,2025-09-09,2025-10-09,R03305,None,Overdue
C0727,Third-Party Risk Control 0727,Third-Party Risk,Preventive,S. Jayasinghe,Quarterly,1,Effective,Needs Improvement,25,5,2025-11-22,2026-02-20,R03528,Low,Overdue
C0728,Change Management Control 0728,Change Management,Detective,T. Karunaratne,Annual,0,Effective,Needs Improvement,20,2,2026-05-19,2027-05-19,R02860,High,Scheduled
C0729,Data Protection Control 0729,Data Protection,Corrective,S. Jayasinghe,Continuous,0,Effective,Effective,20,0,2025-04-11,2025-05-11,R00150,None,Overdue
C0730,Security Awareness Control 0730,Security Awareness,Detective,S. Jayasinghe,Semi-Annual,1,Effective,Effective,15,0,2026-04-16,2026-10-13,R02663,None,Scheduled
C0731,Change Management Control 0731,Change Management,Detective,N. Silva,Monthly,1,Needs Improvement,Effective,15,0,2025-09-23,2025-10-23,R01310,None,Overdue
C0732,Change Management Control 0732,Change Management,Detective,T. Karunaratne,Annual,0,Needs Improvement,Not Tested,15,4,2025-07-21,2026-07-21,R04549,Medium,Overdue
C0733,Data Protection Control 0733,Data Protection,Detective,M. Wijesinghe,Annual,0,Effective,Needs Improvement,40,4,2025-11-02,2026-11-02,R01753,High,Scheduled
C0734,Incident Response Control 0734,Incident Response,Detective,N. Silva,Quarterly,1,Effective,Needs Improvement,15,3,2025-09-03,2025-12-02,R01400,High,Overdue
C0735,Change Management Control 0735,Change Management,Detective,S. Jayasinghe,Semi-Annual,1,Effective,Effective,5,0,2025-05-27,2025-11-23,R00896,None,Overdue
C0736,Security Awareness Control 0736,Security Awareness,Detective,K. Fernando,Quarterly,0,Effective,Needs Improvement,20,9,2025-06-15,2025-09-13,R03284,Medium,Overdue
C0737,Access Control Control 0737,Access Control,Detective,R. Gunawardena,Quarterly,1,Effective,Effective,5,0,2026-04-29,2026-07-28,R02778,None,Overdue
C0738,Data Protection Control 0738,Data Protection,Preventive,R. Gunawardena,Quarterly,0,Needs Improvement,Effective,30,0,2025-06-14,2025-09-12,R00851,None,Overdue
C0739,Third-Party Risk Control 0739,Third-Party Risk,Preventive,S. Jayasinghe,Quarterly,0,Needs Improvement,Not Tested,20,5,2026-07-25,2026-10-23,R00514,High,Scheduled
C0740,Security Awareness Control 0740,Security Awareness,Detective,K. Fernando,Semi-Annual,0,Needs Improvement,Effective,25,0,2026-07-12,2027-01-08,R01247,None,Scheduled
C0741,Change Management Control 0741,Change Management,Detective,N. Silva,Continuous,0,Effective,Needs Improvement,20,3,2025-06-13,2025-07-13,R02471,Low,Overdue
C0742,Vulnerability Management Control 0742,Vulnerability Management,Preventive,R. Gunawardena,Annual,0,Needs Improvement,Needs Improvement,20,3,2025-10-30,2026-10-30,R01487,Medium,Scheduled
C0743,Access Control Control 0743,Access Control,Preventive,K. Fernando,Quarterly,0,Needs Improvement,Effective,20,0,2026-05-22,2026-08-20,R04165,None,Overdue
C0744,Access Control Control 0744,Access Control,Corrective,T. Karunaratne,Monthly,0,Effective,Effective,15,0,2025-08-21,2025-09-20,R01783,None,Overdue
C0745,Access Control Control 0745,Access Control,Preventive,M. Wijesinghe,Quarterly,0,Effective,Needs Improvement,40,3,2025-05-06,2025-08-04,R01254,Low,Overdue
C0746,Change Management Control 0746,Change Management,Preventive,D. Senanayake,Monthly,0,Effective,Not Tested,10,4,2026-02-20,2026-03-22,R04332,Medium,Overdue
C0747,Third-Party Risk Control 0747,Third-Party Risk,Preventive,K. Fernando,Quarterly,1,Effective,Effective,20,0,2025-04-11,2025-07-10,R02403,None,Overdue
C0748,Access Control Control 0748,Access Control,Preventive,T. Karunaratne,Quarterly,1,Effective,Effective,15,0,2026-04-08,2026-07-07,R03903,None,Overdue
C0749,Change Management Control 0749,Change Management,Preventive,K. Fernando,Annual,0,Needs Improvement,Not Tested,5,2,2025-04-07,2026-04-07,R00299,Medium,Overdue
C0750,Data Protection Control 0750,Data Protection,Preventive,A. Perera,Semi-Annual,0,Needs Improvement,Effective,5,0,2026-07-04,2026-12-31,R03060,None,Scheduled
C0751,Incident Response Control 0751,Incident Response,Preventive,T. Karunaratne,Quarterly,1,Effective,Effective,5,0,2025-10-27,2026-01-25,R00773,None,Overdue
C0752,Change Management Control 0752,Change Management,Detective,K. Fernando,Semi-Annual,0,Effective,Needs Improvement,30,11,2026-08-02,2027-01-29,R04131,Medium,Scheduled
C0753,Third-Party Risk Control 0753,Third-Party Risk,Detective,D. Senanayake,Semi-Annual,0,Effective,Effective,10,0,2026-02-11,2026-08-10,R02860,None,Overdue
C0754,Security Awareness Control 0754,Security Awareness,Corrective,M. Wijesinghe,Semi-Annual,0,Effective,Needs Improvement,15,2,2026-05-19,2026-11-15,R00424,High,Scheduled
C0755,Vulnerability Management Control 0755,Vulnerability Management,Preventive,T. Karunaratne,Semi-Annual,0,Effective,Effective,10,0,2025-11-08,2026-05-07,R01374,None,Overdue
C0756,Business Continuity Control 0756,Business Continuity,Preventive,T. Karunaratne,Quarterly,1,Effective,Effective,10,0,2025-04-09,2025-07-08,R02419,None,Overdue
C0757,Incident Response Control 0757,Incident Response,Detective,D. Senanayake,Quarterly,1,Needs Improvement,Effective,5,0,2025-06-18,2025-09-16,R01459,None,Overdue
C0758,Access Control Control 0758,Access Control,Detective,M. Wijesinghe,Annual,1,Effective,Effective,30,0,2025-07-01,2026-07-01,R04854,None,Overdue
C0759,Data Protection Control 0759,Data Protection,Corrective,A. Perera,Continuous,0,Needs Improvement,Needs Improvement,30,5,2026-07-30,2026-08-29,R04851,Medium,Overdue
C0760,Vulnerability Management Control 0760,Vulnerability Management,Preventive,D. Senanayake,Monthly,0,Effective,Needs Improvement,30,2,2025-10-28,2025-11-27,R04958,Medium,Overdue
C0761,Incident Response Control 0761,Incident Response,Preventive,A. Perera,Semi-Annual,0,Effective,Effective,15,0,2025-05-19,2025-11-15,R03288,None,Overdue
C0762,Security Awareness Control 0762,Security Awareness,Detective,K. Fernando,Monthly,0,Effective,Needs Improvement,20,2,2025-07-17,2025-08-16,R01931,Low,Overdue
C0763,Business Continuity Control 0763,Business Continuity,Corrective,K. Fernando,Quarterly,1,Effective,Effective,15,0,2025-10-23,2026-01-21,R03876,None,Overdue
C0764,Access Control Control 0764,Access Control,Preventive,T. Karunaratne,Annual,1,Effective,Effective,40,0,2026-06-16,2027-06-16,R03201,None,Scheduled
C0765,Data Protection Control 0765,Data Protection,Preventive,M. Wijesinghe,Monthly,0,Ineffective,Effective,40,0,2026-04-10,2026-05-10,R01443,None,Overdue
C0766,Data Protection Control 0766,Data Protection,Preventive,R. Gunawardena,Continuous,1,Effective,Effective,30,0,2026-01-28,2026-02-27,R02135,None,Overdue
C0767,Data Protection Control 0767,Data Protection,Preventive,D. Senanayake,Continuous,1,Ineffective,Effective,15,0,2026-08-15,2026-09-14,R04750,None,Scheduled
C0768,Incident Response Control 0768,Incident Response,Detective,T. Karunaratne,Semi-Annual,0,Effective,Needs Improvement,5,1,2026-02-09,2026-08-08,R03268,Medium,Overdue
C0769,Security Awareness Control 0769,Security Awareness,Corrective,K. Fernando,Semi-Annual,0,Effective,Needs Improvement,30,13,2025-06-19,2025-12-16,R01773,High,Overdue
C0770,Access Control Control 0770,Access Control,Detective,S. Jayasinghe,Semi-Annual,1,Needs Improvement,Effective,30,0,2025-07-03,2025-12-30,R03682,None,Overdue
C0771,Change Management Control 0771,Change Management,Preventive,T. Karunaratne,Quarterly,0,Effective,Not Tested,25,4,2026-08-04,2026-11-02,R03712,High,Scheduled
C0772,Vulnerability Management Control 0772,Vulnerability Management,Preventive,S. Jayasinghe,Monthly,1,Effective,Effective,30,0,2025-09-17,2025-10-17,R03006,None,Overdue
C0773,Change Management Control 0773,Change Management,Preventive,T. Karunaratne,Annual,1,Ineffective,Effective,25,0,2025-03-20,2026-03-20,R04140,None,Overdue
C0774,Third-Party Risk Control 0774,Third-Party Risk,Detective,T. Karunaratne,Continuous,1,Needs Improvement,Effective,20,0,2025-12-18,2026-01-17,R04020,None,Overdue
C0775,Security Awareness Control 0775,Security Awareness,Preventive,T. Karunaratne,Quarterly,1,Effective,Effective,20,0,2025-10-26,2026-01-24,R02110,None,Overdue
C0776,Business Continuity Control 0776,Business Continuity,Detective,A. Perera,Quarterly,0,Effective,Effective,15,0,2026-03-28,2026-06-26,R03291,None,Overdue
C0777,Vulnerability Management Control 0777,Vulnerability Management,Preventive,N. Silva,Semi-Annual,1,Ineffective,Effective,40,0,2026-03-07,2026-09-03,R01882,None,Scheduled
C0778,Data Protection Control 0778,Data Protection,Corrective,R. Gunawardena,Annual,0,Needs Improvement,Needs Improvement,15,1,2025-04-04,2026-04-04,R04176,Medium,Overdue
C0779,Data Protection Control 0779,Data Protection,Detective,N. Silva,Semi-Annual,1,Effective,Effective,30,0,2025-11-10,2026-05-09,R04738,None,Overdue
C0780,Third-Party Risk Control 0780,Third-Party Risk,Detective,M. Wijesinghe,Monthly,1,Effective,Needs Improvement,10,2,2025-04-13,2025-05-13,R03801,Medium,Overdue
C0781,Data Protection Control 0781,Data Protection,Preventive,N. Silva,Semi-Annual,1,Effective,Effective,30,0,2025-10-11,2026-04-09,R03055,None,Overdue
C0782,Change Management Control 0782,Change Management,Preventive,N. Silva,Annual,0,Needs Improvement,Needs Improvement,20,7,2025-04-18,2026-04-18,R04575,Medium,Overdue
C0783,Vulnerability Management Control 0783,Vulnerability Management,Detective,K. Fernando,Semi-Annual,1,Effective,Needs Improvement,10,4,2026-06-29,2026-12-26,R03095,Low,Scheduled
C0784,Access Control Control 0784,Access Control,Detective,R. Gunawardena,Quarterly,1,Effective,Ineffective,15,2,2026-05-25,2026-08-23,R02463,Low,Overdue
C0785,Access Control Control 0785,Access Control,Corrective,D. Senanayake,Monthly,1,Effective,Needs Improvement,30,4,2025-06-20,2025-07-20,R03127,Critical,Overdue
C0786,Vulnerability Management Control 0786,Vulnerability Management,Preventive,K. Fernando,Quarterly,0,Effective,Effective,30,0,2025-03-17,2025-06-15,R00419,None,Overdue
C0787,Third-Party Risk Control 0787,Third-Party Risk,Preventive,R. Gunawardena,Continuous,1,Effective,Needs Improvement,5,2,2026-04-01,2026-05-01,R02271,High,Overdue
C0788,Data Protection Control 0788,Data Protection,Detective,R. Gunawardena,Quarterly,1,Effective,Effective,25,0,2025-03-16,2025-06-14,R02236,None,Overdue
C0789,Vulnerability Management Control 0789,Vulnerability Management,Detective,N. Silva,Quarterly,1,Needs Improvement,Effective,40,0,2025-09-11,2025-12-10,R04266,None,Overdue
C0790,Access Control Control 0790,Access Control,Detective,R. Gunawardena,Quarterly,0,Effective,Effective,25,0,2026-07-16,2026-10-14,R03336,None,Scheduled
C0791,Security Awareness Control 0791,Security Awareness,Detective,D. Senanayake,Continuous,0,Effective,Effective,30,0,2025-09-11,2025-10-11,R03096,None,Overdue
C0792,Access Control Control 0792,Access Control,Preventive,K. Fernando,Semi-Annual,0,Effective,Needs Improvement,10,3,2025-08-14,2026-02-10,R04860,High,Overdue
C0793,Security Awareness Control 0793,Security Awareness,Corrective,K. Fernando,Continuous,1,Effective,Effective,40,0,2026-06-13,2026-07-13,R00619,None,Overdue
C0794,Access Control Control 0794,Access Control,Detective,A. Perera,Continuous,0,Effective,Not Tested,5,1,2026-03-19,2026-04-18,R03052,Low,Overdue
C0795,Change Management Control 0795,Change Management,Corrective,R. Gunawardena,Monthly,1,Effective,Effective,15,0,2025-04-15,2025-05-15,R00553,None,Overdue
C0796,Change Management Control 0796,Change Management,Preventive,K. Fernando,Semi-Annual,0,Effective,Effective,10,0,2026-01-07,2026-07-06,R00438,None,Overdue
C0797,Third-Party Risk Control 0797,Third-Party Risk,Preventive,D. Senanayake,Quarterly,0,Effective,Effective,40,0,2026-01-25,2026-04-25,R00507,None,Overdue
C0798,Change Management Control 0798,Change Management,Detective,K. Fernando,Quarterly,0,Needs Improvement,Effective,5,0,2026-05-08,2026-08-06,R01527,None,Overdue
C0799,Change Management Control 0799,Change Management,Preventive,T. Karunaratne,Quarterly,0,Effective,Needs Improvement,5,1,2026-04-10,2026-07-09,R00615,Critical,Overdue
C0800,Third-Party Risk Control 0800,Third-Party Risk,Detective,K. Fernando,Semi-Annual,0,Effective,Effective,10,0,2026-04-16,2026-10-13,R01163,None,Scheduled
C0801,Data Protection Control 0801,Data Protection,Preventive,N. Silva,Quarterly,0,Effective,Ineffective,15,4,2025-04-12,2025-07-11,R00220,Low,Overdue
C0802,Data Protection Control 0802,Data Protection,Detective,D. Senanayake,Continuous,1,Effective,Effective,5,0,2026-04-27,2026-05-27,R04874,None,Overdue
C0803,Access Control Control 0803,Access Control,Corrective,S. Jayasinghe,Semi-Annual,1,Effective,Effective,30,0,2025-12-28,2026-06-26,R01327,None,Overdue
C0804,Data Protection Control 0804,Data Protection,Preventive,N. Silva,Quarterly,1,Effective,Effective,20,0,2025-07-05,2025-10-03,R00712,None,Overdue
C0805,Business Continuity Control 0805,Business Continuity,Detective,A. Perera,Annual,1,Effective,Effective,25,0,2025-09-20,2026-09-20,R00622,None,Scheduled
C0806,Incident Response Control 0806,Incident Response,Detective,T. Karunaratne,Continuous,1,Effective,Needs Improvement,40,11,2025-07-03,2025-08-02,R01670,Low,Overdue
C0807,Access Control Control 0807,Access Control,Preventive,N. Silva,Semi-Annual,0,Ineffective,Effective,5,0,2025-11-05,2026-05-04,R02602,None,Overdue
C0808,Data Protection Control 0808,Data Protection,Preventive,K. Fernando,Monthly,0,Effective,Effective,40,0,2026-06-18,2026-07-18,R01537,None,Overdue
C0809,Change Management Control 0809,Change Management,Detective,S. Jayasinghe,Quarterly,1,Effective,Ineffective,5,1,2026-03-01,2026-05-30,R01728,Medium,Overdue
C0810,Change Management Control 0810,Change Management,Detective,M. Wijesinghe,Monthly,0,Effective,Needs Improvement,30,3,2025-10-20,2025-11-19,R02895,High,Overdue
C0811,Third-Party Risk Control 0811,Third-Party Risk,Detective,S. Jayasinghe,Quarterly,1,Effective,Ineffective,25,2,2026-05-17,2026-08-15,R02754,Medium,Overdue
C0812,Security Awareness Control 0812,Security Awareness,Preventive,S. Jayasinghe,Quarterly,0,Needs Improvement,Ineffective,40,15,2025-08-14,2025-11-12,R03353,Medium,Overdue
C0813,Security Awareness Control 0813,Security Awareness,Detective,S. Jayasinghe,Quarterly,0,Effective,Not Tested,25,7,2025-09-27,2025-12-26,R03472,Medium,Overdue
C0814,Security Awareness Control 0814,Security Awareness,Corrective,R. Gunawardena,Monthly,1,Effective,Needs Improvement,20,9,2026-02-25,2026-03-27,R03259,Critical,Overdue
C0815,Change Management Control 0815,Change Management,Preventive,N. Silva,Continuous,1,Effective,Effective,20,0,2025-06-09,2025-07-09,R03543,None,Overdue
C0816,Change Management Control 0816,Change Management,Detective,T. Karunaratne,Annual,0,Needs Improvement,Needs Improvement,40,5,2025-06-09,2026-06-09,R01021,Low,Overdue
C0817,Change Management Control 0817,Change Management,Detective,D. Senanayake,Monthly,0,Effective,Needs Improvement,30,7,2025-12-14,2026-01-13,R03731,Low,Overdue
C0818,Change Management Control 0818,Change Management,Detective,S. Jayasinghe,Monthly,0,Effective,Effective,15,0,2025-11-12,2025-12-12,R00256,None,Overdue
C0819,Change Management Control 0819,Change Management,Detective,N. Silva,Quarterly,1,Effective,Effective,20,0,2026-04-27,2026-07-26,R04549,None,Overdue
C0820,Change Management Control 0820,Change Management,Detective,N. Silva,Continuous,1,Effective,Needs Improvement,25,11,2026-05-14,2026-06-13,R04965,Low,Overdue
C0821,Third-Party Risk Control 0821,Third-Party Risk,Detective,K. Fernando,Semi-Annual,0,Needs Improvement,Ineffective,15,2,2025-10-05,2026-04-03,R04957,Medium,Overdue
C0822,Vulnerability Management Control 0822,Vulnerability Management,Detective,K. Fernando,Semi-Annual,1,Needs Improvement,Needs Improvement,10,3,2026-01-17,2026-07-16,R00733,Critical,Overdue
C0823,Third-Party Risk Control 0823,Third-Party Risk,Detective,D. Senanayake,Monthly,1,Effective,Effective,40,0,2026-02-12,2026-03-14,R03843,None,Overdue
C0824,Incident Response Control 0824,Incident Response,Detective,D. Senanayake,Annual,1,Effective,Not Tested,10,1,2026-05-24,2027-05-24,R04846,Medium,Scheduled
C0825,Third-Party Risk Control 0825,Third-Party Risk,Preventive,D. Senanayake,Annual,0,Needs Improvement,Effective,10,0,2025-07-26,2026-07-26,R03142,None,Overdue
C0826,Vulnerability Management Control 0826,Vulnerability Management,Preventive,K. Fernando,Semi-Annual,1,Effective,Effective,25,0,2025-10-07,2026-04-05,R01936,None,Overdue
C0827,Security Awareness Control 0827,Security Awareness,Preventive,R. Gunawardena,Quarterly,1,Needs Improvement,Effective,15,0,2025-12-27,2026-03-27,R00891,None,Overdue
C0828,Vulnerability Management Control 0828,Vulnerability Management,Preventive,M. Wijesinghe,Continuous,1,Effective,Needs Improvement,5,1,2025-10-31,2025-11-30,R03588,Medium,Overdue
C0829,Data Protection Control 0829,Data Protection,Corrective,M. Wijesinghe,Continuous,1,Effective,Effective,15,0,2025-12-03,2026-01-02,R03922,None,Overdue
C0830,Data Protection Control 0830,Data Protection,Preventive,A. Perera,Semi-Annual,1,Effective,Effective,15,0,2026-07-26,2027-01-22,R04163,None,Scheduled
C0831,Third-Party Risk Control 0831,Third-Party Risk,Detective,S. Jayasinghe,Monthly,1,Effective,Needs Improvement,40,5,2025-08-30,2025-09-29,R01042,Medium,Overdue
C0832,Third-Party Risk Control 0832,Third-Party Risk,Detective,M. Wijesinghe,Quarterly,1,Effective,Not Tested,5,2,2026-05-08,2026-08-06,R03739,Low,Overdue
C0833,Business Continuity Control 0833,Business Continuity,Preventive,D. Senanayake,Quarterly,0,Effective,Effective,5,0,2026-08-10,2026-11-08,R00559,None,Scheduled
C0834,Access Control Control 0834,Access Control,Preventive,N. Silva,Annual,1,Needs Improvement,Needs Improvement,5,1,2026-07-10,2027-07-10,R02520,Low,Scheduled
C0835,Security Awareness Control 0835,Security Awareness,Detective,S. Jayasinghe,Monthly,1,Effective,Effective,5,0,2025-09-05,2025-10-05,R01220,None,Overdue
C0836,Business Continuity Control 0836,Business Continuity,Detective,S. Jayasinghe,Continuous,1,Effective,Not Tested,20,8,2026-04-27,2026-05-27,R04556,Critical,Overdue
C0837,Security Awareness Control 0837,Security Awareness,Corrective,M. Wijesinghe,Monthly,1,Effective,Effective,15,0,2025-03-23,2025-04-22,R02716,None,Overdue
C0838,Third-Party Risk Control 0838,Third-Party Risk,Detective,K. Fernando,Quarterly,1,Effective,Not Tested,30,12,2025-03-18,2025-06-16,R03617,High,Overdue
C0839,Vulnerability Management Control 0839,Vulnerability Management,Preventive,A. Perera,Continuous,1,Needs Improvement,Effective,15,0,2025-08-21,2025-09-20,R02838,None,Overdue
C0840,Third-Party Risk Control 0840,Third-Party Risk,Corrective,A. Perera,Continuous,0,Effective,Effective,20,0,2025-11-21,2025-12-21,R00904,None,Overdue
C0841,Data Protection Control 0841,Data Protection,Corrective,R. Gunawardena,Quarterly,1,Effective,Needs Improvement,20,2,2026-06-25,2026-09-23,R02786,Low,Scheduled
C0842,Access Control Control 0842,Access Control,Preventive,S. Jayasinghe,Monthly,1,Effective,Needs Improvement,40,17,2026-06-07,2026-07-07,R01184,Low,Overdue
C0843,Change Management Control 0843,Change Management,Detective,K. Fernando,Continuous,1,Effective,Effective,5,0,2026-05-27,2026-06-26,R00034,None,Overdue
C0844,Vulnerability Management Control 0844,Vulnerability Management,Corrective,K. Fernando,Quarterly,1,Effective,Effective,25,0,2026-06-25,2026-09-23,R03967,None,Scheduled
C0845,Third-Party Risk Control 0845,Third-Party Risk,Preventive,T. Karunaratne,Monthly,1,Needs Improvement,Effective,10,0,2025-03-19,2025-04-18,R04283,None,Overdue
C0846,Third-Party Risk Control 0846,Third-Party Risk,Detective,A. Perera,Quarterly,1,Needs Improvement,Effective,5,0,2025-10-02,2025-12-31,R03578,None,Overdue
C0847,Change Management Control 0847,Change Management,Detective,D. Senanayake,Quarterly,0,Effective,Needs Improvement,30,5,2025-04-01,2025-06-30,R04951,High,Overdue
C0848,Third-Party Risk Control 0848,Third-Party Risk,Preventive,A. Perera,Continuous,1,Effective,Effective,20,0,2025-10-15,2025-11-14,R03093,None,Overdue
C0849,Data Protection Control 0849,Data Protection,Corrective,K. Fernando,Quarterly,1,Effective,Effective,10,0,2026-06-29,2026-09-27,R00228,None,Scheduled
C0850,Security Awareness Control 0850,Security Awareness,Detective,A. Perera,Monthly,1,Needs Improvement,Needs Improvement,20,8,2025-10-13,2025-11-12,R03873,Low,Overdue
C0851,Incident Response Control 0851,Incident Response,Corrective,R. Gunawardena,Quarterly,0,Ineffective,Effective,10,0,2025-07-13,2025-10-11,R02218,None,Overdue
C0852,Access Control Control 0852,Access Control,Detective,S. Jayasinghe,Annual,1,Effective,Effective,15,0,2026-04-07,2027-04-07,R00349,None,Scheduled
C0853,Data Protection Control 0853,Data Protection,Preventive,A. Perera,Monthly,0,Needs Improvement,Not Tested,20,4,2025-11-22,2025-12-22,R04980,Low,Overdue
C0854,Third-Party Risk Control 0854,Third-Party Risk,Detective,K. Fernando,Continuous,0,Needs Improvement,Effective,10,0,2026-01-14,2026-02-13,R00926,None,Overdue
C0855,Vulnerability Management Control 0855,Vulnerability Management,Detective,N. Silva,Annual,0,Needs Improvement,Effective,30,0,2026-06-03,2027-06-03,R03792,None,Scheduled
C0856,Vulnerability Management Control 0856,Vulnerability Management,Corrective,D. Senanayake,Quarterly,1,Effective,Effective,10,0,2026-01-16,2026-04-16,R02427,None,Overdue
C0857,Business Continuity Control 0857,Business Continuity,Preventive,M. Wijesinghe,Continuous,1,Effective,Needs Improvement,10,3,2025-10-13,2025-11-12,R01188,Low,Overdue
C0858,Change Management Control 0858,Change Management,Detective,N. Silva,Monthly,1,Effective,Effective,10,0,2025-08-16,2025-09-15,R01533,None,Overdue
C0859,Change Management Control 0859,Change Management,Preventive,T. Karunaratne,Annual,0,Ineffective,Effective,5,0,2025-10-04,2026-10-04,R00876,None,Scheduled
C0860,Access Control Control 0860,Access Control,Detective,R. Gunawardena,Quarterly,1,Effective,Ineffective,30,12,2026-02-01,2026-05-02,R02028,Low,Overdue
C0861,Data Protection Control 0861,Data Protection,Preventive,A. Perera,Monthly,1,Effective,Needs Improvement,10,3,2026-08-26,2026-09-25,R00072,High,Scheduled
C0862,Data Protection Control 0862,Data Protection,Preventive,R. Gunawardena,Semi-Annual,0,Effective,Needs Improvement,15,6,2025-12-04,2026-06-02,R02811,Medium,Overdue
C0863,Access Control Control 0863,Access Control,Detective,K. Fernando,Quarterly,1,Effective,Not Tested,10,3,2025-08-28,2025-11-26,R01360,Low,Overdue
C0864,Security Awareness Control 0864,Security Awareness,Preventive,A. Perera,Continuous,1,Effective,Effective,40,0,2025-10-22,2025-11-21,R02127,None,Overdue
C0865,Incident Response Control 0865,Incident Response,Detective,M. Wijesinghe,Monthly,0,Effective,Effective,20,0,2025-09-06,2025-10-06,R04589,None,Overdue
C0866,Incident Response Control 0866,Incident Response,Corrective,S. Jayasinghe,Quarterly,0,Ineffective,Needs Improvement,20,8,2025-12-20,2026-03-20,R00797,High,Overdue
C0867,Change Management Control 0867,Change Management,Preventive,R. Gunawardena,Continuous,0,Needs Improvement,Effective,10,0,2026-07-23,2026-08-22,R01373,None,Overdue
C0868,Security Awareness Control 0868,Security Awareness,Detective,R. Gunawardena,Annual,1,Effective,Not Tested,5,1,2025-03-31,2026-03-31,R04963,Medium,Overdue
C0869,Security Awareness Control 0869,Security Awareness,Preventive,D. Senanayake,Annual,1,Ineffective,Effective,10,0,2026-03-08,2027-03-08,R00737,None,Scheduled
C0870,Security Awareness Control 0870,Security Awareness,Preventive,T. Karunaratne,Quarterly,1,Ineffective,Effective,10,0,2026-01-29,2026-04-29,R03468,None,Overdue
C0871,Incident Response Control 0871,Incident Response,Corrective,T. Karunaratne,Quarterly,0,Effective,Needs Improvement,20,7,2025-12-06,2026-03-06,R02294,Medium,Overdue
C0872,Vulnerability Management Control 0872,Vulnerability Management,Corrective,M. Wijesinghe,Semi-Annual,0,Effective,Effective,15,0,2025-11-11,2026-05-10,R01564,None,Overdue
C0873,Security Awareness Control 0873,Security Awareness,Preventive,D. Senanayake,Continuous,1,Effective,Effective,15,0,2026-01-26,2026-02-25,R02678,None,Overdue
C0874,Business Continuity Control 0874,Business Continuity,Preventive,M. Wijesinghe,Monthly,1,Ineffective,Not Tested,30,6,2025-03-15,2025-04-14,R01223,Medium,Overdue
C0875,Change Management Control 0875,Change Management,Preventive,T. Karunaratne,Quarterly,0,Effective,Effective,10,0,2026-07-13,2026-10-11,R00392,None,Scheduled
C0876,Change Management Control 0876,Change Management,Preventive,R. Gunawardena,Quarterly,1,Effective,Needs Improvement,10,3,2026-08-25,2026-11-23,R02569,Low,Scheduled
C0877,Access Control Control 0877,Access Control,Preventive,N. Silva,Annual,1,Effective,Needs Improvement,15,3,2026-06-10,2027-06-10,R02067,Medium,Scheduled
C0878,Third-Party Risk Control 0878,Third-Party Risk,Preventive,K. Fernando,Quarterly,0,Effective,Effective,20,0,2025-05-11,2025-08-09,R03867,None,Overdue
C0879,Change Management Control 0879,Change Management,Detective,S. Jayasinghe,Quarterly,1,Ineffective,Ineffective,40,9,2025-12-03,2026-03-03,R01478,Medium,Overdue
C0880,Data Protection Control 0880,Data Protection,Corrective,N. Silva,Quarterly,1,Effective,Effective,10,0,2025-06-04,2025-09-02,R01893,None,Overdue
C0881,Incident Response Control 0881,Incident Response,Corrective,T. Karunaratne,Monthly,1,Effective,Effective,30,0,2025-08-25,2025-09-24,R02312,None,Overdue
C0882,Business Continuity Control 0882,Business Continuity,Detective,M. Wijesinghe,Monthly,1,Effective,Ineffective,30,9,2025-11-25,2025-12-25,R00193,High,Overdue
C0883,Incident Response Control 0883,Incident Response,Detective,M. Wijesinghe,Monthly,0,Effective,Effective,5,0,2026-06-08,2026-07-08,R04845,None,Overdue
C0884,Access Control Control 0884,Access Control,Detective,N. Silva,Annual,0,Effective,Ineffective,20,2,2025-09-14,2026-09-14,R01156,Medium,Scheduled
C0885,Change Management Control 0885,Change Management,Preventive,D. Senanayake,Quarterly,1,Effective,Ineffective,40,3,2025-10-25,2026-01-23,R02825,Low,Overdue
C0886,Security Awareness Control 0886,Security Awareness,Detective,K. Fernando,Quarterly,1,Effective,Needs Improvement,30,10,2026-06-27,2026-09-25,R02958,High,Scheduled
C0887,Vulnerability Management Control 0887,Vulnerability Management,Preventive,N. Silva,Continuous,0,Effective,Effective,40,0,2025-11-11,2025-12-11,R01896,None,Overdue
C0888,Change Management Control 0888,Change Management,Detective,D. Senanayake,Annual,1,Needs Improvement,Effective,5,0,2025-07-05,2026-07-05,R04289,None,Overdue
C0889,Change Management Control 0889,Change Management,Preventive,A. Perera,Monthly,1,Needs Improvement,Effective,10,0,2026-06-08,2026-07-08,R02675,None,Overdue
C0890,Third-Party Risk Control 0890,Third-Party Risk,Detective,D. Senanayake,Semi-Annual,0,Effective,Effective,5,0,2026-08-21,2027-02-17,R02722,None,Scheduled
C0891,Data Protection Control 0891,Data Protection,Detective,T. Karunaratne,Continuous,0,Needs Improvement,Needs Improvement,40,9,2025-06-19,2025-07-19,R00731,Low,Overdue
C0892,Change Management Control 0892,Change Management,Preventive,A. Perera,Quarterly,0,Effective,Effective,20,0,2025-11-16,2026-02-14,R04510,None,Overdue
C0893,Access Control Control 0893,Access Control,Detective,K. Fernando,Annual,1,Effective,Needs Improvement,30,4,2026-03-16,2027-03-16,R02634,Low,Scheduled
C0894,Change Management Control 0894,Change Management,Corrective,M. Wijesinghe,Quarterly,0,Effective,Needs Improvement,5,2,2025-03-19,2025-06-17,R04985,Medium,Overdue
C0895,Business Continuity Control 0895,Business Continuity,Detective,S. Jayasinghe,Quarterly,1,Needs Improvement,Effective,40,0,2025-04-10,2025-07-09,R02773,None,Overdue
C0896,Access Control Control 0896,Access Control,Preventive,R. Gunawardena,Quarterly,0,Needs Improvement,Effective,30,0,2026-05-11,2026-08-09,R01417,None,Overdue
C0897,Incident Response Control 0897,Incident Response,Preventive,A. Perera,Monthly,0,Effective,Effective,10,0,2026-08-16,2026-09-15,R04632,None,Scheduled
C0898,Incident Response Control 0898,Incident Response,Detective,K. Fernando,Continuous,1,Effective,Effective,20,0,2026-04-23,2026-05-23,R02117,None,Overdue
C0899,Business Continuity Control 0899,Business Continuity,Preventive,A. Perera,Monthly,0,Effective,Effective,40,0,2025-03-27,2025-04-26,R01342,None,Overdue
C0900,Access Control Control 0900,Access Control,Preventive,S. Jayasinghe,Quarterly,0,Needs Improvement,Effective,15,0,2025-06-28,2025-09-26,R02751,None,Overdue
C0901,Vulnerability Management Control 0901,Vulnerability Management,Preventive,S. Jayasinghe,Quarterly,1,Effective,Needs Improvement,5,2,2026-07-21,2026-10-19,R04746,Medium,Scheduled
C0902,Incident Response Control 0902,Incident Response,Detective,T. Karunaratne,Annual,1,Effective,Effective,25,0,2025-09-21,2026-09-21,R00612,None,Scheduled
C0903,Third-Party Risk Control 0903,Third-Party Risk,Corrective,D. Senanayake,Continuous,1,Needs Improvement,Effective,30,0,2025-12-01,2025-12-31,R01069,None,Overdue
C0904,Third-Party Risk Control 0904,Third-Party Risk,Detective,S. Jayasinghe,Quarterly,0,Effective,Effective,30,0,2026-04-28,2026-07-27,R01142,None,Overdue
C0905,Access Control Control 0905,Access Control,Detective,T. Karunaratne,Quarterly,1,Effective,Effective,25,0,2026-05-25,2026-08-23,R04824,None,Overdue
C0906,Incident Response Control 0906,Incident Response,Preventive,K. Fernando,Monthly,0,Effective,Effective,25,0,2026-06-02,2026-07-02,R01594,None,Overdue
C0907,Change Management Control 0907,Change Management,Preventive,A. Perera,Annual,0,Ineffective,Effective,30,0,2026-02-02,2027-02-02,R03854,None,Scheduled
C0908,Access Control Control 0908,Access Control,Corrective,R. Gunawardena,Monthly,1,Needs Improvement,Effective,30,0,2025-06-03,2025-07-03,R00674,None,Overdue
C0909,Incident Response Control 0909,Incident Response,Preventive,N. Silva,Semi-Annual,0,Effective,Needs Improvement,25,3,2025-07-11,2026-01-07,R02465,Medium,Overdue
C0910,Third-Party Risk Control 0910,Third-Party Risk,Detective,A. Perera,Monthly,0,Needs Improvement,Effective,5,0,2025-04-12,2025-05-12,R01019,None,Overdue
C0911,Access Control Control 0911,Access Control,Corrective,A. Perera,Monthly,1,Needs Improvement,Needs Improvement,30,7,2026-08-12,2026-09-11,R04754,Medium,Scheduled
C0912,Business Continuity Control 0912,Business Continuity,Detective,R. Gunawardena,Annual,1,Effective,Ineffective,20,3,2026-02-20,2027-02-20,R00792,Medium,Scheduled
C0913,Access Control Control 0913,Access Control,Detective,R. Gunawardena,Annual,1,Effective,Effective,30,0,2025-03-23,2026-03-23,R01908,None,Overdue
C0914,Security Awareness Control 0914,Security Awareness,Preventive,S. Jayasinghe,Monthly,1,Effective,Effective,5,0,2025-08-19,2025-09-18,R01350,None,Overdue
C0915,Access Control Control 0915,Access Control,Corrective,T. Karunaratne,Continuous,1,Effective,Effective,30,0,2025-03-30,2025-04-29,R01509,None,Overdue
C0916,Change Management Control 0916,Change Management,Preventive,T. Karunaratne,Semi-Annual,1,Needs Improvement,Not Tested,25,2,2026-02-22,2026-08-21,R03437,Low,Overdue
C0917,Security Awareness Control 0917,Security Awareness,Detective,T. Karunaratne,Quarterly,1,Effective,Effective,10,0,2025-08-11,2025-11-09,R03821,None,Overdue
C0918,Third-Party Risk Control 0918,Third-Party Risk,Corrective,N. Silva,Monthly,0,Needs Improvement,Effective,40,0,2025-08-22,2025-09-21,R04251,None,Overdue
C0919,Security Awareness Control 0919,Security Awareness,Preventive,R. Gunawardena,Monthly,0,Effective,Needs Improvement,10,4,2025-12-24,2026-01-23,R03861,Medium,Overdue
C0920,Change Management Control 0920,Change Management,Preventive,D. Senanayake,Annual,0,Needs Improvement,Effective,20,0,2026-05-19,2027-05-19,R03308,None,Scheduled
C0921,Incident Response Control 0921,Incident Response,Detective,K. Fernando,Semi-Annual,1,Needs Improvement,Effective,25,0,2026-01-01,2026-06-30,R00502,None,Overdue
C0922,Third-Party Risk Control 0922,Third-Party Risk,Preventive,A. Perera,Quarterly,1,Effective,Effective,20,0,2025-11-08,2026-02-06,R00267,None,Overdue
C0923,Vulnerability Management Control 0923,Vulnerability Management,Preventive,D. Senanayake,Continuous,1,Effective,Needs Improvement,15,4,2025-06-12,2025-07-12,R03405,High,Overdue
C0924,Change Management Control 0924,Change Management,Corrective,M. Wijesinghe,Quarterly,0,Needs Improvement,Effective,5,0,2025-09-22,2025-12-21,R01182,None,Overdue
C0925,Change Management Control 0925,Change Management,Detective,R. Gunawardena,Semi-Annual,0,Effective,Effective,30,0,2025-07-05,2026-01-01,R00756,None,Overdue
C0926,Incident Response Control 0926,Incident Response,Preventive,A. Perera,Continuous,1,Effective,Effective,20,0,2025-10-31,2025-11-30,R00231,None,Overdue
C0927,Business Continuity Control 0927,Business Continuity,Corrective,N. Silva,Continuous,0,Effective,Effective,30,0,2025-09-03,2025-10-03,R03781,None,Overdue
C0928,Security Awareness Control 0928,Security Awareness,Preventive,T. Karunaratne,Annual,0,Effective,Not Tested,30,6,2026-03-11,2027-03-11,R00169,Medium,Scheduled
C0929,Change Management Control 0929,Change Management,Preventive,R. Gunawardena,Monthly,1,Effective,Needs Improvement,15,6,2026-02-13,2026-03-15,R02619,Medium,Overdue
C0930,Third-Party Risk Control 0930,Third-Party Risk,Detective,D. Senanayake,Quarterly,1,Effective,Effective,40,0,2025-07-16,2025-10-14,R03483,None,Overdue
C0931,Data Protection Control 0931,Data Protection,Detective,M. Wijesinghe,Quarterly,0,Needs Improvement,Needs Improvement,25,1,2026-07-12,2026-10-10,R02210,Critical,Scheduled
C0932,Vulnerability Management Control 0932,Vulnerability Management,Preventive,R. Gunawardena,Quarterly,0,Effective,Needs Improvement,20,1,2026-06-19,2026-09-17,R01664,Low,Scheduled
C0933,Change Management Control 0933,Change Management,Preventive,A. Perera,Annual,0,Effective,Effective,25,0,2026-01-19,2027-01-19,R00585,None,Scheduled
C0934,Vulnerability Management Control 0934,Vulnerability Management,Preventive,D. Senanayake,Semi-Annual,1,Effective,Effective,40,0,2026-01-02,2026-07-01,R01722,None,Overdue
C0935,Incident Response Control 0935,Incident Response,Detective,T. Karunaratne,Monthly,1,Effective,Effective,5,0,2025-04-27,2025-05-27,R02931,None,Overdue
C0936,Business Continuity Control 0936,Business Continuity,Detective,T. Karunaratne,Annual,1,Effective,Effective,30,0,2026-04-05,2027-04-05,R04761,None,Scheduled
C0937,Security Awareness Control 0937,Security Awareness,Preventive,S. Jayasinghe,Quarterly,1,Effective,Effective,10,0,2026-04-11,2026-07-10,R03911,None,Overdue
C0938,Vulnerability Management Control 0938,Vulnerability Management,Detective,K. Fernando,Continuous,0,Effective,Effective,25,0,2025-11-05,2025-12-05,R04359,None,Overdue
C0939,Security Awareness Control 0939,Security Awareness,Detective,A. Perera,Semi-Annual,1,Effective,Effective,25,0,2025-09-21,2026-03-20,R04877,None,Overdue
C0940,Security Awareness Control 0940,Security Awareness,Detective,N. Silva,Quarterly,1,Effective,Ineffective,30,12,2026-05-10,2026-08-08,R00181,Medium,Overdue
C0941,Incident Response Control 0941,Incident Response,Detective,M. Wijesinghe,Monthly,1,Effective,Effective,40,0,2026-05-28,2026-06-27,R04049,None,Overdue
C0942,Change Management Control 0942,Change Management,Corrective,A. Perera,Continuous,1,Effective,Effective,10,0,2026-04-01,2026-05-01,R01930,None,Overdue
C0943,Change Management Control 0943,Change Management,Preventive,D. Senanayake,Quarterly,1,Effective,Needs Improvement,10,1,2025-08-08,2025-11-06,R03189,High,Overdue
C0944,Incident Response Control 0944,Incident Response,Preventive,M. Wijesinghe,Continuous,0,Ineffective,Effective,10,0,2025-06-15,2025-07-15,R01539,None,Overdue
C0945,Change Management Control 0945,Change Management,Detective,R. Gunawardena,Continuous,1,Effective,Effective,30,0,2025-10-24,2025-11-23,R04316,None,Overdue
C0946,Third-Party Risk Control 0946,Third-Party Risk,Corrective,S. Jayasinghe,Monthly,0,Effective,Effective,20,0,2026-07-01,2026-07-31,R01708,None,Overdue
C0947,Business Continuity Control 0947,Business Continuity,Preventive,A. Perera,Continuous,1,Effective,Effective,30,0,2026-04-27,2026-05-27,R04723,None,Overdue
C0948,Incident Response Control 0948,Incident Response,Preventive,M. Wijesinghe,Monthly,0,Ineffective,Effective,20,0,2025-03-21,2025-04-20,R03029,None,Overdue
C0949,Data Protection Control 0949,Data Protection,Preventive,D. Senanayake,Monthly,0,Effective,Effective,25,0,2026-02-19,2026-03-21,R00155,None,Overdue
C0950,Business Continuity Control 0950,Business Continuity,Preventive,D. Senanayake,Semi-Annual,0,Ineffective,Needs Improvement,40,8,2025-06-10,2025-12-07,R00143,Medium,Overdue
C0951,Vulnerability Management Control 0951,Vulnerability Management,Corrective,A. Perera,Quarterly,1,Effective,Needs Improvement,25,11,2026-05-03,2026-08-01,R01620,Low,Overdue
C0952,Incident Response Control 0952,Incident Response,Detective,K. Fernando,Continuous,0,Needs Improvement,Not Tested,15,3,2026-02-11,2026-03-13,R04387,Medium,Overdue
C0953,Third-Party Risk Control 0953,Third-Party Risk,Preventive,S. Jayasinghe,Annual,1,Effective,Effective,10,0,2025-07-19,2026-07-19,R01049,None,Overdue
C0954,Business Continuity Control 0954,Business Continuity,Corrective,D. Senanayake,Quarterly,1,Effective,Needs Improvement,25,6,2025-06-10,2025-09-08,R00876,Medium,Overdue
C0955,Incident Response Control 0955,Incident Response,Detective,M. Wijesinghe,Quarterly,1,Effective,Ineffective,15,3,2025-06-05,2025-09-03,R03145,High,Overdue
C0956,Change Management Control 0956,Change Management,Detective,K. Fernando,Quarterly,0,Ineffective,Effective,20,0,2025-11-10,2026-02-08,R01148,None,Overdue
C0957,Incident Response Control 0957,Incident Response,Detective,A. Perera,Annual,0,Effective,Effective,15,0,2026-05-01,2027-05-01,R00729,None,Scheduled
C0958,Business Continuity Control 0958,Business Continuity,Preventive,S. Jayasinghe,Semi-Annual,0,Needs Improvement,Not Tested,20,3,2026-01-01,2026-06-30,R03020,High,Overdue
C0959,Vulnerability Management Control 0959,Vulnerability Management,Preventive,R. Gunawardena,Continuous,0,Effective,Effective,30,0,2025-12-17,2026-01-16,R03543,None,Overdue
C0960,Business Continuity Control 0960,Business Continuity,Preventive,K. Fernando,Quarterly,0,Effective,Effective,40,0,2025-12-05,2026-03-05,R04159,None,Overdue
C0961,Incident Response Control 0961,Incident Response,Preventive,N. Silva,Annual,0,Effective,Needs Improvement,10,4,2026-05-10,2027-05-10,R04022,High,Scheduled
C0962,Data Protection Control 0962,Data Protection,Corrective,M. Wijesinghe,Monthly,0,Effective,Not Tested,40,5,2025-08-21,2025-09-20,R02656,Medium,Overdue
C0963,Data Protection Control 0963,Data Protection,Preventive,N. Silva,Semi-Annual,1,Effective,Effective,15,0,2025-09-01,2026-02-28,R03075,None,Overdue
C0964,Business Continuity Control 0964,Business Continuity,Detective,R. Gunawardena,Semi-Annual,0,Effective,Ineffective,30,6,2025-12-08,2026-06-06,R01777,Medium,Overdue
C0965,Access Control Control 0965,Access Control,Detective,R. Gunawardena,Semi-Annual,1,Effective,Needs Improvement,30,4,2026-08-11,2027-02-07,R02942,Medium,Scheduled
C0966,Change Management Control 0966,Change Management,Detective,K. Fernando,Semi-Annual,1,Effective,Effective,40,0,2025-03-21,2025-09-17,R00904,None,Overdue
C0967,Security Awareness Control 0967,Security Awareness,Preventive,N. Silva,Monthly,1,Effective,Needs Improvement,30,12,2026-06-01,2026-07-01,R01339,Critical,Overdue
C0968,Business Continuity Control 0968,Business Continuity,Corrective,D. Senanayake,Quarterly,0,Effective,Not Tested,40,15,2026-04-07,2026-07-06,R01050,Low,Overdue
C0969,Access Control Control 0969,Access Control,Corrective,R. Gunawardena,Continuous,1,Effective,Effective,10,0,2025-09-27,2025-10-27,R01286,None,Overdue
C0970,Business Continuity Control 0970,Business Continuity,Preventive,S. Jayasinghe,Annual,1,Effective,Ineffective,10,1,2025-09-30,2026-09-30,R03175,Low,Scheduled
C0971,Vulnerability Management Control 0971,Vulnerability Management,Preventive,S. Jayasinghe,Quarterly,1,Effective,Effective,20,0,2025-11-17,2026-02-15,R04234,None,Overdue
C0972,Business Continuity Control 0972,Business Continuity,Preventive,S. Jayasinghe,Monthly,1,Needs Improvement,Not Tested,15,3,2026-06-17,2026-07-17,R03392,Medium,Overdue
C0973,Vulnerability Management Control 0973,Vulnerability Management,Preventive,S. Jayasinghe,Semi-Annual,0,Effective,Effective,10,0,2026-06-28,2026-12-25,R04440,None,Scheduled
C0974,Third-Party Risk Control 0974,Third-Party Risk,Detective,D. Senanayake,Quarterly,1,Needs Improvement,Effective,15,0,2025-05-28,2025-08-26,R00944,None,Overdue
C0975,Change Management Control 0975,Change Management,Detective,K. Fernando,Semi-Annual,0,Effective,Effective,25,0,2026-05-30,2026-11-26,R01736,None,Scheduled
C0976,Third-Party Risk Control 0976,Third-Party Risk,Preventive,N. Silva,Quarterly,1,Effective,Effective,25,0,2025-10-29,2026-01-27,R04690,None,Overdue
C0977,Data Protection Control 0977,Data Protection,Preventive,K. Fernando,Quarterly,1,Effective,Needs Improvement,15,5,2026-01-02,2026-04-02,R01269,Medium,Overdue
C0978,Third-Party Risk Control 0978,Third-Party Risk,Preventive,T. Karunaratne,Semi-Annual,0,Needs Improvement,Effective,30,0,2025-11-10,2026-05-09,R00460,None,Overdue
C0979,Vulnerability Management Control 0979,Vulnerability Management,Corrective,A. Perera,Quarterly,0,Needs Improvement,Needs Improvement,20,2,2026-04-02,2026-07-01,R01495,Medium,Overdue
C0980,Change Management Control 0980,Change Management,Preventive,M. Wijesinghe,Continuous,1,Effective,Needs Improvement,5,1,2026-04-05,2026-05-05,R02504,Medium,Overdue
C0981,Security Awareness Control 0981,Security Awareness,Preventive,N. Silva,Semi-Annual,1,Effective,Needs Improvement,40,9,2025-12-04,2026-06-02,R00154,High,Overdue
C0982,Data Protection Control 0982,Data Protection,Preventive,K. Fernando,Annual,0,Effective,Effective,5,0,2025-12-07,2026-12-07,R02245,None,Scheduled
C0983,Change Management Control 0983,Change Management,Preventive,M. Wijesinghe,Annual,1,Effective,Effective,25,0,2026-08-08,2027-08-08,R04192,None,Scheduled
C0984,Incident Response Control 0984,Incident Response,Detective,M. Wijesinghe,Quarterly,0,Needs Improvement,Needs Improvement,30,2,2025-08-12,2025-11-10,R00537,High,Overdue
C0985,Change Management Control 0985,Change Management,Detective,T. Karunaratne,Quarterly,0,Effective,Effective,25,0,2025-09-01,2025-11-30,R04721,None,Overdue
C0986,Change Management Control 0986,Change Management,Preventive,M. Wijesinghe,Quarterly,0,Effective,Effective,30,0,2026-01-09,2026-04-09,R03033,None,Overdue
C0987,Change Management Control 0987,Change Management,Detective,D. Senanayake,Semi-Annual,1,Effective,Needs Improvement,5,2,2026-05-20,2026-11-16,R01887,Medium,Scheduled
C0988,Business Continuity Control 0988,Business Continuity,Preventive,M. Wijesinghe,Monthly,0,Needs Improvement,Effective,40,0,2026-05-03,2026-06-02,R00894,None,Overdue
C0989,Security Awareness Control 0989,Security Awareness,Detective,K. Fernando,Continuous,0,Effective,Needs Improvement,15,2,2025-04-04,2025-05-04,R02894,Low,Overdue
C0990,Vulnerability Management Control 0990,Vulnerability Management,Detective,R. Gunawardena,Annual,0,Effective,Effective,20,0,2026-01-15,2027-01-15,R04908,None,Scheduled
C0991,Data Protection Control 0991,Data Protection,Preventive,S. Jayasinghe,Quarterly,0,Effective,Effective,5,0,2026-08-03,2026-11-01,R04852,None,Scheduled
C0992,Change Management Control 0992,Change Management,Detective,R. Gunawardena,Quarterly,1,Effective,Effective,40,0,2025-09-28,2025-12-27,R00478,None,Overdue
C0993,Data Protection Control 0993,Data Protection,Corrective,T. Karunaratne,Quarterly,1,Ineffective,Needs Improvement,20,9,2025-11-11,2026-02-09,R01358,Low,Overdue
C0994,Incident Response Control 0994,Incident Response,Detective,N. Silva,Monthly,0,Effective,Needs Improvement,15,6,2026-08-28,2026-09-27,R00214,Medium,Scheduled
C0995,Change Management Control 0995,Change Management,Preventive,K. Fernando,Quarterly,0,Needs Improvement,Effective,20,0,2025-07-23,2025-10-21,R01090,None,Overdue
C0996,Data Protection Control 0996,Data Protection,Preventive,D. Senanayake,Annual,1,Effective,Needs Improvement,10,1,2026-05-13,2027-05-13,R04243,Medium,Scheduled
C0997,Vulnerability Management Control 0997,Vulnerability Management,Detective,D. Senanayake,Monthly,0,Effective,Effective,25,0,2026-05-04,2026-06-03,R01929,None,Overdue
C0998,Change Management Control 0998,Change Management,Corrective,A. Perera,Monthly,1,Effective,Effective,10,0,2025-09-15,2025-10-15,R00134,None,Overdue
C0999,Third-Party Risk Control 0999,Third-Party Risk,Preventive,M. Wijesinghe,Annual,0,Effective,Effective,25,0,2025-10-11,2026-10-11,R03807,None,Scheduled
C1000,Incident Response Control 1000,Incident Response,Preventive,K. Fernando,Quarterly,0,Effective,Ineffective,25,10,2026-05-17,2026-08-15,R03093,Medium,Overdue
C1001,Incident Response Control 1001,Incident Response,Preventive,T. Karunaratne,Quarterly,0,Effective,Needs Improvement,20,7,2025-10-06,2026-01-04,R03144,High,Overdue
C1002,Incident Response Control 1002,Incident Response,Detective,T. Karunaratne,Continuous,1,Needs Improvement,Effective,5,0,2025-04-27,2025-05-27,R00761,None,Overdue
C1003,Incident Response Control 1003,Incident Response,Preventive,A. Perera,Semi-Annual,0,Effective,Needs Improvement,10,3,2025-08-28,2026-02-24,R04675,High,Overdue
C1004,Change Management Control 1004,Change Management,Preventive,R. Gunawardena,Annual,1,Effective,Needs Improvement,15,1,2026-05-17,2027-05-17,R03249,Low,Scheduled
C1005,Third-Party Risk Control 1005,Third-Party Risk,Preventive,R. Gunawardena,Continuous,1,Ineffective,Needs Improvement,25,7,2025-09-16,2025-10-16,R02306,Medium,Overdue
C1006,Access Control Control 1006,Access Control,Preventive,M. Wijesinghe,Continuous,1,Effective,Effective,20,0,2025-07-21,2025-08-20,R03508,None,Overdue
C1007,Business Continuity Control 1007,Business Continuity,Preventive,S. Jayasinghe,Quarterly,1,Effective,Effective,25,0,2026-03-31,2026-06-29,R03497,None,Overdue
C1008,Security Awareness Control 1008,Security Awareness,Preventive,K. Fernando,Continuous,1,Needs Improvement,Ineffective,15,6,2025-12-31,2026-01-30,R00195,Low,Overdue
C1009,Third-Party Risk Control 1009,Third-Party Risk,Detective,N. Silva,Continuous,1,Effective,Needs Improvement,10,3,2026-03-02,2026-04-01,R01372,Low,Overdue
C1010,Third-Party Risk Control 1010,Third-Party Risk,Detective,K. Fernando,Quarterly,0,Effective,Effective,15,0,2026-08-09,2026-11-07,R03570,None,Scheduled
C1011,Access Control Control 1011,Access Control,Preventive,K. Fernando,Continuous,1,Effective,Not Tested,5,1,2025-10-21,2025-11-20,R04402,Medium,Overdue
C1012,Security Awareness Control 1012,Security Awareness,Detective,A. Perera,Continuous,1,Effective,Effective,25,0,2026-08-19,2026-09-18,R03026,None,Scheduled
C1013,Third-Party Risk Control 1013,Third-Party Risk,Corrective,M. Wijesinghe,Monthly,0,Needs Improvement,Effective,25,0,2026-02-12,2026-03-14,R03261,None,Overdue
C1014,Incident Response Control 1014,Incident Response,Preventive,M. Wijesinghe,Semi-Annual,1,Effective,Not Tested,20,3,2025-10-20,2026-04-18,R00150,High,Overdue
C1015,Security Awareness Control 1015,Security Awareness,Preventive,T. Karunaratne,Monthly,1,Needs Improvement,Effective,25,0,2025-08-14,2025-09-13,R02398,None,Overdue
C1016,Incident Response Control 1016,Incident Response,Detective,M. Wijesinghe,Monthly,0,Effective,Ineffective,30,8,2025-08-27,2025-09-26,R02238,High,Overdue
C1017,Security Awareness Control 1017,Security Awareness,Corrective,N. Silva,Monthly,0,Effective,Ineffective,40,2,2025-03-21,2025-04-20,R03113,Medium,Overdue
C1018,Third-Party Risk Control 1018,Third-Party Risk,Corrective,R. Gunawardena,Quarterly,1,Needs Improvement,Needs Improvement,40,13,2025-10-18,2026-01-16,R02401,Medium,Overdue
C1019,Access Control Control 1019,Access Control,Preventive,D. Senanayake,Monthly,1,Effective,Needs Improvement,30,9,2026-01-16,2026-02-15,R04035,Critical,Overdue
C1020,Third-Party Risk Control 1020,Third-Party Risk,Preventive,D. Senanayake,Quarterly,1,Effective,Needs Improvement,40,10,2026-05-25,2026-08-23,R03394,Low,Overdue
C1021,Incident Response Control 1021,Incident Response,Preventive,N. Silva,Continuous,0,Effective,Effective,40,0,2025-12-21,2026-01-20,R04284,None,Overdue
C1022,Security Awareness Control 1022,Security Awareness,Preventive,M. Wijesinghe,Quarterly,1,Ineffective,Effective,10,0,2026-08-14,2026-11-12,R00201,None,Scheduled
C1023,Business Continuity Control 1023,Business Continuity,Preventive,D. Senanayake,Semi-Annual,0,Effective,Effective,30,0,2025-11-21,2026-05-20,R04797,None,Overdue
C1024,Access Control Control 1024,Access Control,Preventive,R. Gunawardena,Semi-Annual,0,Effective,Effective,25,0,2026-07-10,2027-01-06,R01072,None,Scheduled
C1025,Access Control Control 1025,Access Control,Preventive,T. Karunaratne,Quarterly,1,Effective,Not Tested,5,2,2026-01-17,2026-04-17,R00247,High,Overdue
C1026,Incident Response Control 1026,Incident Response,Detective,A. Perera,Quarterly,0,Ineffective,Effective,20,0,2025-10-15,2026-01-13,R03027,None,Overdue
C1027,Access Control Control 1027,Access Control,Preventive,M. Wijesinghe,Quarterly,1,Effective,Not Tested,40,4,2026-06-23,2026-09-21,R04162,Low,Scheduled
C1028,Vulnerability Management Control 1028,Vulnerability Management,Preventive,T. Karunaratne,Continuous,1,Effective,Effective,40,0,2026-07-28,2026-08-27,R02555,None,Overdue
C1029,Third-Party Risk Control 1029,Third-Party Risk,Corrective,S. Jayasinghe,Monthly,0,Effective,Effective,40,0,2026-06-11,2026-07-11,R03662,None,Overdue
C1030,Business Continuity Control 1030,Business Continuity,Detective,D. Senanayake,Semi-Annual,0,Effective,Ineffective,20,4,2025-03-16,2025-09-12,R00119,High,Overdue
C1031,Change Management Control 1031,Change Management,Preventive,N. Silva,Semi-Annual,1,Effective,Needs Improvement,30,4,2025-08-20,2026-02-16,R03043,Medium,Overdue
C1032,Change Management Control 1032,Change Management,Detective,A. Perera,Annual,1,Effective,Effective,25,0,2025-03-16,2026-03-16,R03024,None,Overdue
C1033,Incident Response Control 1033,Incident Response,Detective,R. Gunawardena,Quarterly,1,Effective,Not Tested,40,16,2025-03-10,2025-06-08,R02034,Low,Overdue
C1034,Third-Party Risk Control 1034,Third-Party Risk,Preventive,S. Jayasinghe,Continuous,1,Effective,Effective,40,0,2025-07-09,2025-08-08,R04131,None,Overdue
C1035,Security Awareness Control 1035,Security Awareness,Detective,A. Perera,Semi-Annual,1,Effective,Not Tested,10,3,2025-05-04,2025-10-31,R03673,High,Overdue
C1036,Change Management Control 1036,Change Management,Preventive,A. Perera,Monthly,1,Ineffective,Effective,20,0,2026-07-06,2026-08-05,R04517,None,Overdue
C1037,Change Management Control 1037,Change Management,Detective,S. Jayasinghe,Quarterly,0,Effective,Effective,5,0,2025-05-27,2025-08-25,R00741,None,Overdue
C1038,Third-Party Risk Control 1038,Third-Party Risk,Preventive,T. Karunaratne,Monthly,0,Effective,Effective,30,0,2026-06-13,2026-07-13,R03532,None,Overdue
C1039,Change Management Control 1039,Change Management,Detective,R. Gunawardena,Continuous,0,Effective,Effective,40,0,2025-05-21,2025-06-20,R02139,None,Overdue
C1040,Data Protection Control 1040,Data Protection,Detective,M. Wijesinghe,Quarterly,1,Effective,Needs Improvement,40,12,2026-07-31,2026-10-29,R04043,High,Scheduled
C1041,Business Continuity Control 1041,Business Continuity,Detective,S. Jayasinghe,Monthly,1,Effective,Effective,30,0,2026-04-19,2026-05-19,R04825,None,Overdue
C1042,Incident Response Control 1042,Incident Response,Detective,M. Wijesinghe,Semi-Annual,1,Needs Improvement,Effective,10,0,2025-12-29,2026-06-27,R04817,None,Overdue
C1043,Incident Response Control 1043,Incident Response,Detective,S. Jayasinghe,Quarterly,0,Needs Improvement,Effective,25,0,2026-05-19,2026-08-17,R01731,None,Overdue
C1044,Data Protection Control 1044,Data Protection,Preventive,K. Fernando,Monthly,1,Effective,Needs Improvement,40,11,2026-06-27,2026-07-27,R04044,Low,Overdue
C1045,Change Management Control 1045,Change Management,Corrective,N. Silva,Monthly,1,Effective,Not Tested,20,8,2026-07-13,2026-08-12,R00242,Low,Overdue
C1046,Vulnerability Management Control 1046,Vulnerability Management,Preventive,M. Wijesinghe,Annual,1,Needs Improvement,Effective,5,0,2026-03-12,2027-03-12,R00223,None,Scheduled
C1047,Change Management Control 1047,Change Management,Preventive,K. Fernando,Monthly,1,Effective,Effective,25,0,2026-05-28,2026-06-27,R01585,None,Overdue
C1048,Business Continuity Control 1048,Business Continuity,Preventive,T. Karunaratne,Annual,1,Effective,Effective,20,0,2025-10-04,2026-10-04,R03057,None,Scheduled
C1049,Third-Party Risk Control 1049,Third-Party Risk,Preventive,N. Silva,Quarterly,0,Needs Improvement,Needs Improvement,10,1,2026-05-04,2026-08-02,R04989,High,Overdue
C1050,Vulnerability Management Control 1050,Vulnerability Management,Detective,T. Karunaratne,Annual,1,Effective,Needs Improvement,25,7,2026-05-02,2027-05-02,R03880,Low,Scheduled
C1051,Vulnerability Management Control 1051,Vulnerability Management,Detective,K. Fernando,Quarterly,0,Effective,Effective,25,0,2025-12-27,2026-03-27,R01763,None,Overdue
C1052,Incident Response Control 1052,Incident Response,Preventive,S. Jayasinghe,Quarterly,0,Effective,Needs Improvement,5,1,2025-11-16,2026-02-14,R03103,Low,Overdue
C1053,Change Management Control 1053,Change Management,Detective,S. Jayasinghe,Semi-Annual,0,Needs Improvement,Needs Improvement,10,1,2026-01-20,2026-07-19,R00703,High,Overdue
C1054,Third-Party Risk Control 1054,Third-Party Risk,Preventive,N. Silva,Semi-Annual,0,Effective,Needs Improvement,5,2,2025-06-11,2025-12-08,R03121,Medium,Overdue
C1055,Vulnerability Management Control 1055,Vulnerability Management,Preventive,M. Wijesinghe,Continuous,0,Needs Improvement,Effective,15,0,2025-04-11,2025-05-11,R02043,None,Overdue
C1056,Security Awareness Control 1056,Security Awareness,Detective,R. Gunawardena,Quarterly,0,Effective,Needs Improvement,40,16,2026-08-16,2026-11-14,R03189,Critical,Scheduled
C1057,Access Control Control 1057,Access Control,Preventive,A. Perera,Annual,1,Ineffective,Effective,15,0,2026-07-25,2027-07-25,R00873,None,Scheduled
C1058,Access Control Control 1058,Access Control,Detective,A. Perera,Annual,1,Effective,Needs Improvement,40,5,2025-05-08,2026-05-08,R04074,Critical,Overdue
C1059,Access Control Control 1059,Access Control,Detective,T. Karunaratne,Continuous,1,Effective,Effective,25,0,2025-04-02,2025-05-02,R04523,None,Overdue
C1060,Data Protection Control 1060,Data Protection,Detective,K. Fernando,Quarterly,1,Effective,Effective,40,0,2025-09-15,2025-12-14,R00755,None,Overdue
C1061,Third-Party Risk Control 1061,Third-Party Risk,Detective,R. Gunawardena,Annual,1,Needs Improvement,Effective,25,0,2025-09-11,2026-09-11,R01131,None,Scheduled
C1062,Business Continuity Control 1062,Business Continuity,Preventive,T. Karunaratne,Quarterly,1,Needs Improvement,Effective,15,0,2025-05-21,2025-08-19,R00141,None,Overdue
C1063,Vulnerability Management Control 1063,Vulnerability Management,Detective,M. Wijesinghe,Monthly,0,Ineffective,Effective,30,0,2026-02-24,2026-03-26,R01417,None,Overdue
C1064,Access Control Control 1064,Access Control,Preventive,S. Jayasinghe,Quarterly,0,Needs Improvement,Effective,15,0,2025-07-30,2025-10-28,R03897,None,Overdue
C1065,Business Continuity Control 1065,Business Continuity,Preventive,S. Jayasinghe,Monthly,0,Effective,Needs Improvement,10,1,2025-03-10,2025-04-09,R00114,Medium,Overdue
C1066,Vulnerability Management Control 1066,Vulnerability Management,Preventive,R. Gunawardena,Continuous,1,Effective,Effective,20,0,2026-01-15,2026-02-14,R03542,None,Overdue
C1067,Change Management Control 1067,Change Management,Detective,K. Fernando,Annual,0,Ineffective,Effective,40,0,2025-05-29,2026-05-29,R02551,None,Overdue
C1068,Vulnerability Management Control 1068,Vulnerability Management,Preventive,T. Karunaratne,Annual,0,Needs Improvement,Effective,20,0,2026-08-01,2027-08-01,R04249,None,Scheduled
C1069,Change Management Control 1069,Change Management,Detective,R. Gunawardena,Annual,0,Effective,Needs Improvement,30,5,2026-04-24,2027-04-24,R01292,Low,Scheduled
C1070,Change Management Control 1070,Change Management,Preventive,K. Fernando,Monthly,1,Effective,Effective,25,0,2025-05-15,2025-06-14,R01262,None,Overdue
C1071,Data Protection Control 1071,Data Protection,Detective,T. Karunaratne,Annual,1,Effective,Ineffective,15,1,2025-06-27,2026-06-27,R01304,Medium,Overdue
C1072,Access Control Control 1072,Access Control,Detective,N. Silva,Quarterly,0,Needs Improvement,Effective,20,0,2025-10-02,2025-12-31,R03819,None,Overdue
C1073,Third-Party Risk Control 1073,Third-Party Risk,Detective,N. Silva,Semi-Annual,0,Effective,Effective,10,0,2026-04-29,2026-10-26,R04259,None,Scheduled
C1074,Data Protection Control 1074,Data Protection,Detective,R. Gunawardena,Semi-Annual,0,Needs Improvement,Effective,15,0,2025-06-28,2025-12-25,R03418,None,Overdue
C1075,Vulnerability Management Control 1075,Vulnerability Management,Preventive,N. Silva,Monthly,1,Effective,Effective,15,0,2025-10-27,2025-11-26,R00815,None,Overdue
C1076,Incident Response Control 1076,Incident Response,Detective,T. Karunaratne,Monthly,0,Effective,Needs Improvement,40,4,2026-06-15,2026-07-15,R02708,High,Overdue
C1077,Incident Response Control 1077,Incident Response,Preventive,K. Fernando,Semi-Annual,0,Effective,Effective,15,0,2026-07-26,2027-01-22,R04523,None,Scheduled
C1078,Third-Party Risk Control 1078,Third-Party Risk,Preventive,R. Gunawardena,Continuous,0,Effective,Needs Improvement,10,4,2025-06-27,2025-07-27,R02858,Low,Overdue
C1079,Vulnerability Management Control 1079,Vulnerability Management,Preventive,N. Silva,Monthly,0,Needs Improvement,Effective,30,0,2026-08-22,2026-09-21,R00930,None,Scheduled
C1080,Security Awareness Control 1080,Security Awareness,Detective,N. Silva,Semi-Annual,0,Needs Improvement,Effective,40,0,2025-08-15,2026-02-11,R02524,None,Overdue
C1081,Third-Party Risk Control 1081,Third-Party Risk,Preventive,N. Silva,Monthly,1,Effective,Effective,25,0,2025-04-15,2025-05-15,R02326,None,Overdue
C1082,Third-Party Risk Control 1082,Third-Party Risk,Preventive,S. Jayasinghe,Quarterly,0,Needs Improvement,Effective,15,0,2026-03-26,2026-06-24,R03127,None,Overdue
C1083,Change Management Control 1083,Change Management,Detective,T. Karunaratne,Annual,0,Effective,Needs Improvement,15,5,2025-10-26,2026-10-26,R03739,Low,Scheduled
C1084,Business Continuity Control 1084,Business Continuity,Detective,N. Silva,Monthly,0,Effective,Effective,20,0,2025-07-17,2025-08-16,R04819,None,Overdue
C1085,Vulnerability Management Control 1085,Vulnerability Management,Preventive,S. Jayasinghe,Quarterly,1,Needs Improvement,Ineffective,20,7,2026-01-22,2026-04-22,R01328,Low,Overdue
C1086,Vulnerability Management Control 1086,Vulnerability Management,Preventive,S. Jayasinghe,Annual,0,Needs Improvement,Not Tested,20,3,2026-02-09,2027-02-09,R04439,Medium,Scheduled
C1087,Incident Response Control 1087,Incident Response,Detective,K. Fernando,Continuous,0,Needs Improvement,Not Tested,25,4,2026-05-17,2026-06-16,R00235,Low,Overdue
C1088,Data Protection Control 1088,Data Protection,Corrective,N. Silva,Quarterly,0,Needs Improvement,Effective,30,0,2025-10-16,2026-01-14,R02629,None,Overdue
C1089,Access Control Control 1089,Access Control,Preventive,K. Fernando,Annual,0,Effective,Ineffective,30,8,2026-07-10,2027-07-10,R02940,Critical,Scheduled
C1090,Access Control Control 1090,Access Control,Preventive,K. Fernando,Annual,1,Ineffective,Effective,25,0,2025-06-28,2026-06-28,R03220,None,Overdue
C1091,Vulnerability Management Control 1091,Vulnerability Management,Preventive,D. Senanayake,Annual,0,Needs Improvement,Effective,15,0,2025-12-15,2026-12-15,R01329,None,Scheduled
C1092,Access Control Control 1092,Access Control,Detective,M. Wijesinghe,Quarterly,0,Needs Improvement,Effective,30,0,2025-10-19,2026-01-17,R02134,None,Overdue
C1093,Access Control Control 1093,Access Control,Preventive,A. Perera,Quarterly,0,Needs Improvement,Needs Improvement,15,7,2026-06-12,2026-09-10,R03264,Low,Scheduled
C1094,Vulnerability Management Control 1094,Vulnerability Management,Preventive,S. Jayasinghe,Monthly,1,Effective,Effective,10,0,2026-03-28,2026-04-27,R04978,None,Overdue
C1095,Vulnerability Management Control 1095,Vulnerability Management,Preventive,R. Gunawardena,Annual,1,Effective,Effective,10,0,2026-01-02,2027-01-02,R02305,None,Scheduled
C1096,Change Management Control 1096,Change Management,Preventive,A. Perera,Monthly,0,Effective,Effective,10,0,2026-02-03,2026-03-05,R02463,None,Overdue
C1097,Access Control Control 1097,Access Control,Preventive,K. Fernando,Semi-Annual,1,Ineffective,Effective,30,0,2026-01-21,2026-07-20,R04501,None,Overdue
C1098,Third-Party Risk Control 1098,Third-Party Risk,Preventive,R. Gunawardena,Monthly,1,Effective,Effective,40,0,2026-03-24,2026-04-23,R00963,None,Overdue
C1099,Incident Response Control 1099,Incident Response,Preventive,M. Wijesinghe,Monthly,0,Effective,Effective,25,0,2025-11-19,2025-12-19,R04521,None,Overdue
C1100,Incident Response Control 1100,Incident Response,Preventive,K. Fernando,Monthly,1,Effective,Effective,10,0,2026-06-09,2026-07-09,R03080,None,Overdue
C1101,Business Continuity Control 1101,Business Continuity,Corrective,M. Wijesinghe,Quarterly,0,Effective,Effective,10,0,2025-03-29,2025-06-27,R04969,None,Overdue
C1102,Security Awareness Control 1102,Security Awareness,Preventive,R. Gunawardena,Quarterly,0,Effective,Effective,15,0,2025-04-30,2025-07-29,R02013,None,Overdue
C1103,Vulnerability Management Control 1103,Vulnerability Management,Preventive,N. Silva,Quarterly,0,Needs Improvement,Effective,30,0,2026-03-05,2026-06-03,R02785,None,Overdue
C1104,Third-Party Risk Control 1104,Third-Party Risk,Detective,M. Wijesinghe,Semi-Annual,1,Effective,Effective,5,0,2026-08-24,2027-02-20,R04516,None,Scheduled
C1105,Data Protection Control 1105,Data Protection,Detective,N. Silva,Monthly,0,Effective,Effective,10,0,2025-06-27,2025-07-27,R04537,None,Overdue
C1106,Incident Response Control 1106,Incident Response,Detective,M. Wijesinghe,Quarterly,1,Effective,Needs Improvement,30,9,2025-10-10,2026-01-08,R01915,Medium,Overdue
C1107,Business Continuity Control 1107,Business Continuity,Corrective,S. Jayasinghe,Continuous,0,Needs Improvement,Effective,5,0,2025-11-12,2025-12-12,R02243,None,Overdue
C1108,Vulnerability Management Control 1108,Vulnerability Management,Preventive,M. Wijesinghe,Continuous,0,Effective,Needs Improvement,20,7,2025-07-29,2025-08-28,R02919,Low,Overdue
C1109,Security Awareness Control 1109,Security Awareness,Detective,A. Perera,Quarterly,1,Effective,Effective,30,0,2025-11-30,2026-02-28,R00428,None,Overdue
C1110,Data Protection Control 1110,Data Protection,Preventive,R. Gunawardena,Quarterly,0,Effective,Effective,40,0,2026-05-21,2026-08-19,R04515,None,Overdue
C1111,Data Protection Control 1111,Data Protection,Detective,N. Silva,Quarterly,0,Needs Improvement,Effective,20,0,2025-12-31,2026-03-31,R03430,None,Overdue
C1112,Security Awareness Control 1112,Security Awareness,Preventive,M. Wijesinghe,Quarterly,0,Needs Improvement,Effective,5,0,2026-07-19,2026-10-17,R02283,None,Scheduled
C1113,Third-Party Risk Control 1113,Third-Party Risk,Corrective,T. Karunaratne,Continuous,0,Ineffective,Effective,15,0,2025-12-06,2026-01-05,R02633,None,Overdue
C1114,Vulnerability Management Control 1114,Vulnerability Management,Detective,K. Fernando,Continuous,1,Effective,Effective,10,0,2025-05-07,2025-06-06,R00226,None,Overdue
C1115,Vulnerability Management Control 1115,Vulnerability Management,Detective,K. Fernando,Quarterly,1,Effective,Ineffective,15,2,2025-12-07,2026-03-07,R02795,Medium,Overdue
C1116,Security Awareness Control 1116,Security Awareness,Corrective,S. Jayasinghe,Continuous,0,Needs Improvement,Effective,40,0,2026-08-18,2026-09-17,R01400,None,Scheduled
C1117,Third-Party Risk Control 1117,Third-Party Risk,Detective,M. Wijesinghe,Quarterly,1,Effective,Needs Improvement,40,14,2026-05-24,2026-08-22,R00796,Low,Overdue
C1118,Access Control Control 1118,Access Control,Preventive,M. Wijesinghe,Quarterly,1,Effective,Ineffective,25,3,2025-11-30,2026-02-28,R01669,High,Overdue
C1119,Third-Party Risk Control 1119,Third-Party Risk,Preventive,T. Karunaratne,Continuous,0,Effective,Needs Improvement,10,1,2025-12-17,2026-01-16,R04354,Low,Overdue
C1120,Change Management Control 1120,Change Management,Detective,T. Karunaratne,Monthly,0,Effective,Needs Improvement,15,5,2026-05-25,2026-06-24,R00468,High,Overdue
C1121,Incident Response Control 1121,Incident Response,Detective,K. Fernando,Monthly,1,Needs Improvement,Effective,25,0,2025-10-11,2025-11-10,R00318,None,Overdue
C1122,Third-Party Risk Control 1122,Third-Party Risk,Detective,M. Wijesinghe,Quarterly,0,Effective,Ineffective,30,7,2026-07-30,2026-10-28,R02819,Low,Scheduled
C1123,Incident Response Control 1123,Incident Response,Preventive,D. Senanayake,Monthly,1,Effective,Effective,20,0,2026-05-16,2026-06-15,R02058,None,Overdue
C1124,Access Control Control 1124,Access Control,Preventive,D. Senanayake,Annual,0,Effective,Effective,10,0,2025-04-21,2026-04-21,R01579,None,Overdue
C1125,Security Awareness Control 1125,Security Awareness,Corrective,R. Gunawardena,Continuous,0,Effective,Ineffective,5,2,2025-05-23,2025-06-22,R04424,Medium,Overdue
C1126,Vulnerability Management Control 1126,Vulnerability Management,Preventive,D. Senanayake,Monthly,1,Ineffective,Effective,10,0,2025-12-05,2026-01-04,R01000,None,Overdue
C1127,Vulnerability Management Control 1127,Vulnerability Management,Detective,M. Wijesinghe,Quarterly,0,Effective,Effective,15,0,2026-03-23,2026-06-21,R00502,None,Overdue
C1128,Business Continuity Control 1128,Business Continuity,Preventive,T. Karunaratne,Quarterly,1,Effective,Needs Improvement,20,9,2025-11-20,2026-02-18,R03520,Low,Overdue
C1129,Vulnerability Management Control 1129,Vulnerability Management,Preventive,R. Gunawardena,Semi-Annual,0,Effective,Effective,40,0,2025-05-28,2025-11-24,R02609,None,Overdue
C1130,Third-Party Risk Control 1130,Third-Party Risk,Preventive,N. Silva,Quarterly,0,Ineffective,Not Tested,20,1,2026-07-17,2026-10-15,R04911,Low,Scheduled
C1131,Data Protection Control 1131,Data Protection,Detective,M. Wijesinghe,Continuous,1,Effective,Effective,30,0,2025-11-25,2025-12-25,R00731,None,Overdue
C1132,Security Awareness Control 1132,Security Awareness,Corrective,T. Karunaratne,Quarterly,0,Effective,Effective,20,0,2025-09-10,2025-12-09,R02692,None,Overdue
C1133,Business Continuity Control 1133,Business Continuity,Detective,R. Gunawardena,Quarterly,0,Effective,Effective,30,0,2026-06-27,2026-09-25,R03865,None,Scheduled
C1134,Change Management Control 1134,Change Management,Preventive,D. Senanayake,Continuous,1,Effective,Not Tested,10,3,2026-08-02,2026-09-01,R00663,Critical,Scheduled
C1135,Access Control Control 1135,Access Control,Corrective,S. Jayasinghe,Semi-Annual,1,Needs Improvement,Effective,20,0,2026-02-07,2026-08-06,R03528,None,Overdue
C1136,Third-Party Risk Control 1136,Third-Party Risk,Preventive,A. Perera,Semi-Annual,1,Ineffective,Needs Improvement,5,2,2025-05-07,2025-11-03,R02891,Low,Overdue
C1137,Access Control Control 1137,Access Control,Preventive,K. Fernando,Quarterly,1,Effective,Effective,20,0,2026-08-21,2026-11-19,R04796,None,Scheduled
C1138,Data Protection Control 1138,Data Protection,Preventive,R. Gunawardena,Monthly,1,Effective,Effective,20,0,2025-04-19,2025-05-19,R01720,None,Overdue
C1139,Vulnerability Management Control 1139,Vulnerability Management,Preventive,N. Silva,Quarterly,0,Effective,Needs Improvement,10,3,2025-07-29,2025-10-27,R01825,Medium,Overdue
C1140,Third-Party Risk Control 1140,Third-Party Risk,Preventive,M. Wijesinghe,Quarterly,1,Effective,Not Tested,30,8,2026-04-24,2026-07-23,R04602,High,Overdue
C1141,Access Control Control 1141,Access Control,Corrective,M. Wijesinghe,Quarterly,1,Needs Improvement,Needs Improvement,25,2,2026-07-28,2026-10-26,R04551,Low,Scheduled
C1142,Security Awareness Control 1142,Security Awareness,Detective,D. Senanayake,Annual,0,Needs Improvement,Ineffective,5,2,2026-06-26,2027-06-26,R03997,High,Scheduled
C1143,Access Control Control 1143,Access Control,Detective,D. Senanayake,Quarterly,1,Effective,Not Tested,30,2,2026-08-28,2026-11-26,R02117,Low,Scheduled
C1144,Third-Party Risk Control 1144,Third-Party Risk,Detective,T. Karunaratne,Annual,0,Effective,Effective,5,0,2025-06-14,2026-06-14,R03254,None,Overdue
C1145,Business Continuity Control 1145,Business Continuity,Preventive,D. Senanayake,Annual,0,Effective,Needs Improvement,10,2,2026-05-30,2027-05-30,R00803,High,Scheduled
C1146,Security Awareness Control 1146,Security Awareness,Preventive,M. Wijesinghe,Annual,1,Effective,Not Tested,15,4,2025-04-30,2026-04-30,R03657,High,Overdue
C1147,Security Awareness Control 1147,Security Awareness,Detective,A. Perera,Monthly,0,Ineffective,Effective,20,0,2025-05-11,2025-06-10,R00774,None,Overdue
C1148,Third-Party Risk Control 1148,Third-Party Risk,Preventive,A. Perera,Annual,0,Effective,Needs Improvement,40,10,2025-09-24,2026-09-24,R03274,Medium,Scheduled
C1149,Data Protection Control 1149,Data Protection,Detective,R. Gunawardena,Monthly,0,Effective,Effective,10,0,2026-03-19,2026-04-18,R03286,None,Overdue
C1150,Third-Party Risk Control 1150,Third-Party Risk,Corrective,T. Karunaratne,Quarterly,1,Needs Improvement,Effective,40,0,2025-03-25,2025-06-23,R02993,None,Overdue
C1151,Change Management Control 1151,Change Management,Preventive,D. Senanayake,Annual,0,Effective,Needs Improvement,15,2,2025-07-16,2026-07-16,R04238,Low,Overdue
C1152,Business Continuity Control 1152,Business Continuity,Preventive,R. Gunawardena,Monthly,1,Effective,Needs Improvement,40,9,2025-04-11,2025-05-11,R02166,Medium,Overdue
C1153,Third-Party Risk Control 1153,Third-Party Risk,Preventive,N. Silva,Quarterly,0,Effective,Effective,15,0,2026-06-20,2026-09-18,R04225,None,Scheduled
C1154,Business Continuity Control 1154,Business Continuity,Detective,R. Gunawardena,Annual,0,Effective,Effective,30,0,2026-08-01,2027-08-01,R02069,None,Scheduled
C1155,Security Awareness Control 1155,Security Awareness,Detective,R. Gunawardena,Continuous,0,Effective,Needs Improvement,15,3,2025-11-20,2025-12-20,R00254,Medium,Overdue
C1156,Third-Party Risk Control 1156,Third-Party Risk,Preventive,D. Senanayake,Semi-Annual,0,Effective,Effective,5,0,2025-06-20,2025-12-17,R01507,None,Overdue
C1157,Data Protection Control 1157,Data Protection,Detective,N. Silva,Monthly,1,Effective,Effective,15,0,2025-04-30,2025-05-30,R02489,None,Overdue
C1158,Third-Party Risk Control 1158,Third-Party Risk,Detective,S. Jayasinghe,Monthly,0,Effective,Ineffective,25,3,2026-01-30,2026-03-01,R00963,Critical,Overdue
C1159,Access Control Control 1159,Access Control,Detective,D. Senanayake,Quarterly,0,Effective,Effective,10,0,2025-08-13,2025-11-11,R04224,None,Overdue
C1160,Third-Party Risk Control 1160,Third-Party Risk,Corrective,A. Perera,Quarterly,0,Effective,Effective,30,0,2025-12-26,2026-03-26,R01317,None,Overdue
C1161,Change Management Control 1161,Change Management,Preventive,K. Fernando,Quarterly,0,Effective,Effective,20,0,2025-09-24,2025-12-23,R00267,None,Overdue
C1162,Third-Party Risk Control 1162,Third-Party Risk,Preventive,R. Gunawardena,Monthly,0,Effective,Effective,25,0,2026-08-11,2026-09-10,R02154,None,Scheduled
C1163,Access Control Control 1163,Access Control,Detective,R. Gunawardena,Annual,0,Effective,Needs Improvement,10,2,2025-06-11,2026-06-11,R04446,Medium,Overdue
C1164,Change Management Control 1164,Change Management,Corrective,M. Wijesinghe,Annual,0,Effective,Needs Improvement,10,4,2026-06-23,2027-06-23,R01139,High,Scheduled
C1165,Change Management Control 1165,Change Management,Detective,T. Karunaratne,Annual,1,Needs Improvement,Effective,10,0,2026-07-23,2027-07-23,R00214,None,Scheduled
C1166,Access Control Control 1166,Access Control,Corrective,K. Fernando,Continuous,0,Effective,Not Tested,10,3,2025-05-20,2025-06-19,R00016,Low,Overdue
C1167,Data Protection Control 1167,Data Protection,Detective,K. Fernando,Continuous,0,Effective,Effective,30,0,2026-05-17,2026-06-16,R01467,None,Overdue
C1168,Change Management Control 1168,Change Management,Corrective,K. Fernando,Monthly,0,Effective,Effective,10,0,2025-12-10,2026-01-09,R01893,None,Overdue
C1169,Third-Party Risk Control 1169,Third-Party Risk,Preventive,K. Fernando,Continuous,0,Effective,Effective,5,0,2025-11-18,2025-12-18,R01905,None,Overdue
C1170,Change Management Control 1170,Change Management,Detective,S. Jayasinghe,Monthly,1,Effective,Effective,15,0,2025-09-05,2025-10-05,R01024,None,Overdue
C1171,Change Management Control 1171,Change Management,Preventive,K. Fernando,Semi-Annual,0,Needs Improvement,Needs Improvement,5,1,2025-06-05,2025-12-02,R04175,Low,Overdue
C1172,Business Continuity Control 1172,Business Continuity,Detective,R. Gunawardena,Quarterly,1,Effective,Effective,25,0,2025-10-05,2026-01-03,R03146,None,Overdue
C1173,Security Awareness Control 1173,Security Awareness,Preventive,M. Wijesinghe,Quarterly,1,Effective,Effective,40,0,2026-03-02,2026-05-31,R01831,None,Overdue
C1174,Access Control Control 1174,Access Control,Detective,S. Jayasinghe,Monthly,1,Effective,Effective,10,0,2025-05-16,2025-06-15,R00810,None,Overdue
C1175,Security Awareness Control 1175,Security Awareness,Preventive,S. Jayasinghe,Semi-Annual,0,Effective,Effective,15,0,2025-08-06,2026-02-02,R04198,None,Overdue
C1176,Third-Party Risk Control 1176,Third-Party Risk,Preventive,S. Jayasinghe,Quarterly,0,Effective,Effective,30,0,2025-11-22,2026-02-20,R03305,None,Overdue
C1177,Data Protection Control 1177,Data Protection,Preventive,T. Karunaratne,Semi-Annual,1,Needs Improvement,Needs Improvement,40,4,2026-05-13,2026-11-09,R02087,Low,Scheduled
C1178,Incident Response Control 1178,Incident Response,Preventive,M. Wijesinghe,Semi-Annual,0,Effective,Effective,20,0,2025-03-27,2025-09-23,R03624,None,Overdue
C1179,Business Continuity Control 1179,Business Continuity,Preventive,A. Perera,Annual,0,Effective,Needs Improvement,15,4,2026-08-20,2027-08-20,R00233,High,Scheduled
C1180,Data Protection Control 1180,Data Protection,Preventive,D. Senanayake,Quarterly,1,Effective,Effective,20,0,2025-11-28,2026-02-26,R04387,None,Overdue
C1181,Security Awareness Control 1181,Security Awareness,Detective,A. Perera,Annual,1,Effective,Effective,10,0,2025-03-16,2026-03-16,R02521,None,Overdue
C1182,Access Control Control 1182,Access Control,Preventive,T. Karunaratne,Annual,0,Effective,Effective,10,0,2026-02-26,2027-02-26,R01822,None,Scheduled
C1183,Incident Response Control 1183,Incident Response,Detective,S. Jayasinghe,Quarterly,1,Needs Improvement,Effective,5,0,2025-12-31,2026-03-31,R04307,None,Overdue
C1184,Third-Party Risk Control 1184,Third-Party Risk,Preventive,S. Jayasinghe,Monthly,1,Ineffective,Effective,20,0,2026-02-27,2026-03-29,R01196,None,Overdue
C1185,Vulnerability Management Control 1185,Vulnerability Management,Corrective,K. Fernando,Annual,0,Effective,Effective,40,0,2026-07-19,2027-07-19,R02226,None,Scheduled
C1186,Security Awareness Control 1186,Security Awareness,Preventive,K. Fernando,Quarterly,0,Effective,Effective,5,0,2025-08-11,2025-11-09,R04596,None,Overdue
C1187,Third-Party Risk Control 1187,Third-Party Risk,Detective,M. Wijesinghe,Semi-Annual,0,Effective,Effective,25,0,2026-03-13,2026-09-09,R02880,None,Scheduled
C1188,Access Control Control 1188,Access Control,Preventive,D. Senanayake,Monthly,1,Needs Improvement,Effective,15,0,2026-02-27,2026-03-29,R00587,None,Overdue
C1189,Data Protection Control 1189,Data Protection,Preventive,R. Gunawardena,Semi-Annual,0,Effective,Needs Improvement,30,13,2026-06-27,2026-12-24,R00430,Medium,Scheduled
C1190,Vulnerability Management Control 1190,Vulnerability Management,Preventive,T. Karunaratne,Quarterly,0,Needs Improvement,Effective,25,0,2026-04-03,2026-07-02,R03447,None,Overdue
C1191,Change Management Control 1191,Change Management,Detective,S. Jayasinghe,Monthly,1,Effective,Needs Improvement,15,3,2025-11-20,2025-12-20,R00313,Low,Overdue
C1192,Access Control Control 1192,Access Control,Detective,M. Wijesinghe,Quarterly,0,Effective,Effective,15,0,2026-05-28,2026-08-26,R04839,None,Overdue
C1193,Vulnerability Management Control 1193,Vulnerability Management,Detective,K. Fernando,Monthly,1,Effective,Effective,20,0,2026-01-22,2026-02-21,R02741,None,Overdue
C1194,Change Management Control 1194,Change Management,Preventive,A. Perera,Monthly,0,Needs Improvement,Needs Improvement,10,4,2025-06-28,2025-07-28,R01889,Low,Overdue
C1195,Data Protection Control 1195,Data Protection,Detective,R. Gunawardena,Monthly,1,Effective,Effective,20,0,2025-08-31,2025-09-30,R04981,None,Overdue
C1196,Access Control Control 1196,Access Control,Corrective,M. Wijesinghe,Annual,1,Needs Improvement,Effective,20,0,2026-03-17,2027-03-17,R00194,None,Scheduled
C1197,Data Protection Control 1197,Data Protection,Preventive,N. Silva,Quarterly,0,Needs Improvement,Not Tested,20,6,2025-08-06,2025-11-04,R04145,Low,Overdue
C1198,Change Management Control 1198,Change Management,Corrective,K. Fernando,Annual,0,Effective,Effective,5,0,2026-03-26,2027-03-26,R00332,None,Scheduled
C1199,Incident Response Control 1199,Incident Response,Detective,R. Gunawardena,Quarterly,0,Effective,Effective,20,0,2025-03-13,2025-06-11,R01954,None,Overdue
C1200,Data Protection Control 1200,Data Protection,Preventive,N. Silva,Semi-Annual,0,Needs Improvement,Effective,10,0,2025-12-07,2026-06-05,R02121,None,Overdue
C1201,Change Management Control 1201,Change Management,Corrective,S. Jayasinghe,Annual,1,Needs Improvement,Effective,30,0,2026-05-02,2027-05-02,R03328,None,Scheduled
C1202,Access Control Control 1202,Access Control,Detective,D. Senanayake,Monthly,0,Effective,Effective,25,0,2025-06-13,2025-07-13,R01916,None,Overdue
C1203,Change Management Control 1203,Change Management,Preventive,S. Jayasinghe,Continuous,1,Effective,Effective,40,0,2025-08-29,2025-09-28,R04297,None,Overdue
C1204,Security Awareness Control 1204,Security Awareness,Preventive,A. Perera,Continuous,0,Ineffective,Effective,20,0,2026-06-01,2026-07-01,R02565,None,Overdue
C1205,Vulnerability Management Control 1205,Vulnerability Management,Detective,T. Karunaratne,Semi-Annual,0,Effective,Effective,5,0,2026-03-04,2026-08-31,R04059,None,Overdue
C1206,Third-Party Risk Control 1206,Third-Party Risk,Detective,A. Perera,Quarterly,1,Effective,Effective,15,0,2026-02-12,2026-05-13,R00846,None,Overdue
C1207,Vulnerability Management Control 1207,Vulnerability Management,Detective,S. Jayasinghe,Quarterly,1,Needs Improvement,Needs Improvement,10,2,2025-04-17,2025-07-16,R04898,High,Overdue
C1208,Third-Party Risk Control 1208,Third-Party Risk,Preventive,T. Karunaratne,Annual,1,Effective,Effective,10,0,2025-05-19,2026-05-19,R00229,None,Overdue
C1209,Security Awareness Control 1209,Security Awareness,Corrective,R. Gunawardena,Quarterly,1,Needs Improvement,Effective,30,0,2025-10-23,2026-01-21,R02136,None,Overdue
C1210,Incident Response Control 1210,Incident Response,Detective,R. Gunawardena,Continuous,1,Effective,Not Tested,20,6,2025-07-27,2025-08-26,R02416,Medium,Overdue
C1211,Data Protection Control 1211,Data Protection,Corrective,M. Wijesinghe,Continuous,1,Effective,Effective,25,0,2026-03-11,2026-04-10,R02182,None,Overdue
C1212,Security Awareness Control 1212,Security Awareness,Detective,N. Silva,Semi-Annual,1,Effective,Effective,5,0,2025-12-12,2026-06-10,R01582,None,Overdue
C1213,Change Management Control 1213,Change Management,Detective,K. Fernando,Monthly,0,Effective,Effective,5,0,2025-03-18,2025-04-17,R03217,None,Overdue
C1214,Access Control Control 1214,Access Control,Preventive,A. Perera,Annual,1,Needs Improvement,Effective,5,0,2025-03-22,2026-03-22,R03874,None,Overdue
C1215,Vulnerability Management Control 1215,Vulnerability Management,Detective,A. Perera,Monthly,0,Effective,Effective,25,0,2025-07-09,2025-08-08,R02799,None,Overdue
C1216,Access Control Control 1216,Access Control,Preventive,S. Jayasinghe,Quarterly,1,Effective,Effective,25,0,2026-03-26,2026-06-24,R02497,None,Overdue
C1217,Security Awareness Control 1217,Security Awareness,Preventive,N. Silva,Quarterly,1,Effective,Effective,15,0,2025-07-13,2025-10-11,R00106,None,Overdue
C1218,Vulnerability Management Control 1218,Vulnerability Management,Preventive,T. Karunaratne,Semi-Annual,0,Effective,Effective,5,0,2025-05-13,2025-11-09,R00949,None,Overdue
C1219,Security Awareness Control 1219,Security Awareness,Preventive,M. Wijesinghe,Monthly,1,Effective,Not Tested,10,1,2025-12-14,2026-01-13,R02916,High,Overdue
C1220,Business Continuity Control 1220,Business Continuity,Detective,S. Jayasinghe,Continuous,0,Effective,Needs Improvement,25,10,2025-11-16,2025-12-16,R03107,Medium,Overdue
C1221,Incident Response Control 1221,Incident Response,Detective,S. Jayasinghe,Quarterly,0,Effective,Ineffective,30,11,2025-07-11,2025-10-09,R03468,High,Overdue
C1222,Vulnerability Management Control 1222,Vulnerability Management,Preventive,S. Jayasinghe,Continuous,1,Effective,Effective,40,0,2025-12-17,2026-01-16,R04065,None,Overdue
C1223,Access Control Control 1223,Access Control,Corrective,D. Senanayake,Continuous,1,Effective,Not Tested,15,6,2026-01-10,2026-02-09,R01944,High,Overdue
C1224,Data Protection Control 1224,Data Protection,Corrective,R. Gunawardena,Quarterly,0,Effective,Effective,25,0,2026-04-24,2026-07-23,R00527,None,Overdue
C1225,Incident Response Control 1225,Incident Response,Preventive,A. Perera,Continuous,0,Effective,Effective,10,0,2025-12-22,2026-01-21,R04390,None,Overdue
C1226,Incident Response Control 1226,Incident Response,Preventive,A. Perera,Quarterly,1,Effective,Effective,30,0,2025-04-16,2025-07-15,R02435,None,Overdue
C1227,Data Protection Control 1227,Data Protection,Detective,N. Silva,Monthly,1,Effective,Needs Improvement,15,5,2025-04-28,2025-05-28,R00008,High,Overdue
C1228,Access Control Control 1228,Access Control,Detective,N. Silva,Quarterly,1,Effective,Effective,15,0,2025-08-10,2025-11-08,R00209,None,Overdue
C1229,Change Management Control 1229,Change Management,Detective,A. Perera,Annual,0,Effective,Needs Improvement,20,5,2025-09-11,2026-09-11,R01740,Low,Scheduled
C1230,Security Awareness Control 1230,Security Awareness,Preventive,S. Jayasinghe,Annual,0,Ineffective,Needs Improvement,40,17,2025-06-26,2026-06-26,R03685,Low,Overdue
C1231,Vulnerability Management Control 1231,Vulnerability Management,Detective,D. Senanayake,Monthly,0,Effective,Effective,15,0,2026-03-23,2026-04-22,R01324,None,Overdue
C1232,Incident Response Control 1232,Incident Response,Detective,D. Senanayake,Annual,1,Needs Improvement,Not Tested,25,1,2025-08-11,2026-08-11,R01281,Medium,Overdue
C1233,Business Continuity Control 1233,Business Continuity,Corrective,R. Gunawardena,Quarterly,0,Effective,Effective,10,0,2025-08-29,2025-11-27,R01690,None,Overdue
C1234,Third-Party Risk Control 1234,Third-Party Risk,Detective,D. Senanayake,Monthly,0,Effective,Ineffective,40,13,2026-04-19,2026-05-19,R04858,Low,Overdue
C1235,Change Management Control 1235,Change Management,Detective,D. Senanayake,Monthly,0,Effective,Effective,5,0,2026-04-24,2026-05-24,R03103,None,Overdue
C1236,Access Control Control 1236,Access Control,Detective,N. Silva,Quarterly,1,Effective,Effective,10,0,2025-05-31,2025-08-29,R04359,None,Overdue
C1237,Vulnerability Management Control 1237,Vulnerability Management,Preventive,D. Senanayake,Monthly,0,Effective,Ineffective,30,9,2026-01-19,2026-02-18,R04245,Low,Overdue
C1238,Data Protection Control 1238,Data Protection,Corrective,S. Jayasinghe,Monthly,1,Effective,Effective,30,0,2026-07-18,2026-08-17,R03168,None,Overdue
C1239,Change Management Control 1239,Change Management,Detective,A. Perera,Semi-Annual,1,Effective,Effective,10,0,2025-10-08,2026-04-06,R02532,None,Overdue
C1240,Incident Response Control 1240,Incident Response,Detective,A. Perera,Quarterly,1,Effective,Effective,40,0,2026-07-13,2026-10-11,R02480,None,Scheduled
C1241,Incident Response Control 1241,Incident Response,Detective,S. Jayasinghe,Annual,0,Effective,Ineffective,30,12,2026-01-21,2027-01-21,R02695,Low,Scheduled
C1242,Incident Response Control 1242,Incident Response,Detective,N. Silva,Annual,0,Effective,Needs Improvement,10,4,2025-12-28,2026-12-28,R03122,High,Scheduled
C1243,Change Management Control 1243,Change Management,Corrective,N. Silva,Semi-Annual,1,Effective,Needs Improvement,20,2,2025-06-12,2025-12-09,R01050,Low,Overdue
C1244,Incident Response Control 1244,Incident Response,Detective,K. Fernando,Semi-Annual,1,Effective,Effective,10,0,2026-05-26,2026-11-22,R03869,None,Scheduled
C1245,Business Continuity Control 1245,Business Continuity,Preventive,N. Silva,Annual,0,Effective,Effective,20,0,2026-01-12,2027-01-12,R02771,None,Scheduled
C1246,Third-Party Risk Control 1246,Third-Party Risk,Preventive,K. Fernando,Continuous,0,Effective,Effective,10,0,2026-01-14,2026-02-13,R03345,None,Overdue
C1247,Third-Party Risk Control 1247,Third-Party Risk,Detective,N. Silva,Annual,1,Ineffective,Effective,25,0,2026-05-30,2027-05-30,R02893,None,Scheduled
C1248,Security Awareness Control 1248,Security Awareness,Preventive,N. Silva,Quarterly,0,Effective,Effective,15,0,2026-05-31,2026-08-29,R00033,None,Overdue
C1249,Incident Response Control 1249,Incident Response,Detective,R. Gunawardena,Continuous,0,Needs Improvement,Effective,5,0,2026-04-14,2026-05-14,R02262,None,Overdue
C1250,Change Management Control 1250,Change Management,Preventive,R. Gunawardena,Quarterly,0,Needs Improvement,Effective,10,0,2026-04-06,2026-07-05,R00961,None,Overdue
C1251,Business Continuity Control 1251,Business Continuity,Preventive,T. Karunaratne,Quarterly,1,Effective,Effective,25,0,2026-05-20,2026-08-18,R03573,None,Overdue
C1252,Vulnerability Management Control 1252,Vulnerability Management,Preventive,A. Perera,Annual,1,Needs Improvement,Needs Improvement,40,14,2025-09-16,2026-09-16,R00792,Critical,Scheduled
C1253,Third-Party Risk Control 1253,Third-Party Risk,Preventive,M. Wijesinghe,Monthly,0,Effective,Not Tested,40,14,2026-07-31,2026-08-30,R02913,Medium,Overdue
C1254,Vulnerability Management Control 1254,Vulnerability Management,Detective,N. Silva,Semi-Annual,1,Effective,Effective,20,0,2025-03-14,2025-09-10,R00425,None,Overdue
C1255,Third-Party Risk Control 1255,Third-Party Risk,Preventive,R. Gunawardena,Monthly,0,Effective,Effective,5,0,2025-06-10,2025-07-10,R03224,None,Overdue
C1256,Third-Party Risk Control 1256,Third-Party Risk,Corrective,N. Silva,Quarterly,1,Ineffective,Effective,5,0,2025-04-20,2025-07-19,R01245,None,Overdue
C1257,Change Management Control 1257,Change Management,Detective,N. Silva,Continuous,0,Effective,Effective,10,0,2025-11-12,2025-12-12,R03100,None,Overdue
C1258,Vulnerability Management Control 1258,Vulnerability Management,Preventive,K. Fernando,Annual,1,Effective,Effective,5,0,2025-11-10,2026-11-10,R04953,None,Scheduled
C1259,Incident Response Control 1259,Incident Response,Corrective,R. Gunawardena,Quarterly,1,Effective,Not Tested,40,5,2026-06-08,2026-09-06,R01379,Medium,Scheduled
C1260,Change Management Control 1260,Change Management,Preventive,D. Senanayake,Semi-Annual,0,Effective,Needs Improvement,30,5,2025-07-30,2026-01-26,R00504,Medium,Overdue
C1261,Access Control Control 1261,Access Control,Detective,M. Wijesinghe,Annual,0,Effective,Effective,25,0,2025-12-11,2026-12-11,R02338,None,Scheduled
C1262,Access Control Control 1262,Access Control,Detective,T. Karunaratne,Quarterly,1,Effective,Effective,40,0,2025-07-02,2025-09-30,R00293,None,Overdue
C1263,Data Protection Control 1263,Data Protection,Corrective,K. Fernando,Monthly,1,Needs Improvement,Effective,10,0,2026-05-08,2026-06-07,R04586,None,Overdue
C1264,Incident Response Control 1264,Incident Response,Detective,T. Karunaratne,Semi-Annual,1,Needs Improvement,Effective,15,0,2026-03-13,2026-09-09,R03773,None,Scheduled
C1265,Access Control Control 1265,Access Control,Preventive,A. Perera,Quarterly,0,Needs Improvement,Needs Improvement,40,6,2026-02-11,2026-05-12,R04550,Low,Overdue
C1266,Business Continuity Control 1266,Business Continuity,Corrective,N. Silva,Continuous,0,Effective,Effective,5,0,2025-08-29,2025-09-28,R02541,None,Overdue
C1267,Security Awareness Control 1267,Security Awareness,Preventive,S. Jayasinghe,Continuous,0,Needs Improvement,Effective,40,0,2026-07-26,2026-08-25,R04153,None,Overdue
C1268,Change Management Control 1268,Change Management,Preventive,S. Jayasinghe,Continuous,1,Effective,Needs Improvement,25,8,2025-03-24,2025-04-23,R02349,Medium,Overdue
C1269,Data Protection Control 1269,Data Protection,Detective,D. Senanayake,Annual,1,Effective,Effective,15,0,2025-06-10,2026-06-10,R04015,None,Overdue
C1270,Data Protection Control 1270,Data Protection,Preventive,R. Gunawardena,Continuous,0,Effective,Effective,10,0,2026-01-06,2026-02-05,R01048,None,Overdue
C1271,Business Continuity Control 1271,Business Continuity,Preventive,N. Silva,Monthly,0,Effective,Ineffective,15,3,2025-11-20,2025-12-20,R03220,Medium,Overdue
C1272,Access Control Control 1272,Access Control,Detective,T. Karunaratne,Monthly,0,Effective,Effective,25,0,2025-09-12,2025-10-12,R02814,None,Overdue
C1273,Access Control Control 1273,Access Control,Detective,A. Perera,Continuous,0,Effective,Ineffective,5,2,2025-08-10,2025-09-09,R04384,High,Overdue
C1274,Security Awareness Control 1274,Security Awareness,Detective,S. Jayasinghe,Annual,0,Effective,Effective,15,0,2025-10-26,2026-10-26,R03333,None,Scheduled
C1275,Business Continuity Control 1275,Business Continuity,Preventive,K. Fernando,Continuous,0,Effective,Not Tested,30,2,2026-05-26,2026-06-25,R00862,Low,Overdue
C1276,Security Awareness Control 1276,Security Awareness,Corrective,R. Gunawardena,Continuous,1,Effective,Effective,15,0,2025-10-07,2025-11-06,R03054,None,Overdue
C1277,Vulnerability Management Control 1277,Vulnerability Management,Preventive,S. Jayasinghe,Annual,0,Effective,Effective,40,0,2025-05-31,2026-05-31,R02981,None,Overdue
C1278,Change Management Control 1278,Change Management,Preventive,N. Silva,Quarterly,0,Effective,Ineffective,15,6,2025-05-28,2025-08-26,R04786,Low,Overdue
C1279,Access Control Control 1279,Access Control,Detective,M. Wijesinghe,Annual,1,Effective,Effective,20,0,2025-09-07,2026-09-07,R00360,None,Scheduled
C1280,Third-Party Risk Control 1280,Third-Party Risk,Preventive,T. Karunaratne,Semi-Annual,0,Effective,Effective,5,0,2025-05-11,2025-11-07,R00168,None,Overdue
C1281,Third-Party Risk Control 1281,Third-Party Risk,Detective,N. Silva,Continuous,0,Needs Improvement,Effective,15,0,2026-01-04,2026-02-03,R00780,None,Overdue
C1282,Change Management Control 1282,Change Management,Preventive,M. Wijesinghe,Monthly,1,Effective,Effective,40,0,2026-05-30,2026-06-29,R04684,None,Overdue
C1283,Incident Response Control 1283,Incident Response,Detective,R. Gunawardena,Monthly,0,Effective,Effective,15,0,2025-09-17,2025-10-17,R00691,None,Overdue
C1284,Change Management Control 1284,Change Management,Detective,K. Fernando,Quarterly,0,Effective,Effective,15,0,2026-05-21,2026-08-19,R00201,None,Overdue
C1285,Business Continuity Control 1285,Business Continuity,Preventive,M. Wijesinghe,Semi-Annual,0,Effective,Effective,20,0,2026-01-26,2026-07-25,R01627,None,Overdue
C1286,Change Management Control 1286,Change Management,Corrective,A. Perera,Annual,0,Needs Improvement,Effective,20,0,2026-05-31,2027-05-31,R01807,None,Scheduled
C1287,Third-Party Risk Control 1287,Third-Party Risk,Preventive,K. Fernando,Quarterly,1,Effective,Effective,25,0,2026-08-17,2026-11-15,R03995,None,Scheduled
C1288,Vulnerability Management Control 1288,Vulnerability Management,Corrective,S. Jayasinghe,Monthly,1,Effective,Needs Improvement,15,5,2025-12-03,2026-01-02,R04362,Low,Overdue
C1289,Vulnerability Management Control 1289,Vulnerability Management,Preventive,M. Wijesinghe,Monthly,0,Effective,Effective,20,0,2026-05-21,2026-06-20,R02575,None,Overdue
C1290,Business Continuity Control 1290,Business Continuity,Detective,D. Senanayake,Continuous,0,Effective,Effective,25,0,2026-04-16,2026-05-16,R00785,None,Overdue
C1291,Data Protection Control 1291,Data Protection,Detective,R. Gunawardena,Quarterly,0,Needs Improvement,Effective,25,0,2026-01-23,2026-04-23,R04182,None,Overdue
C1292,Business Continuity Control 1292,Business Continuity,Corrective,K. Fernando,Annual,0,Effective,Needs Improvement,10,1,2025-12-28,2026-12-28,R05000,Medium,Scheduled
C1293,Data Protection Control 1293,Data Protection,Preventive,A. Perera,Quarterly,1,Effective,Needs Improvement,25,10,2025-07-26,2025-10-24,R00304,Medium,Overdue
C1294,Vulnerability Management Control 1294,Vulnerability Management,Preventive,D. Senanayake,Quarterly,0,Effective,Effective,5,0,2026-07-30,2026-10-28,R00057,None,Scheduled
C1295,Business Continuity Control 1295,Business Continuity,Detective,N. Silva,Semi-Annual,0,Effective,Not Tested,20,4,2025-07-30,2026-01-26,R01483,Critical,Overdue
C1296,Third-Party Risk Control 1296,Third-Party Risk,Detective,R. Gunawardena,Semi-Annual,0,Effective,Ineffective,10,1,2026-03-29,2026-09-25,R01540,Medium,Scheduled
C1297,Vulnerability Management Control 1297,Vulnerability Management,Preventive,S. Jayasinghe,Quarterly,1,Needs Improvement,Not Tested,20,9,2025-09-14,2025-12-13,R03669,Medium,Overdue
C1298,Vulnerability Management Control 1298,Vulnerability Management,Preventive,A. Perera,Continuous,0,Effective,Not Tested,5,1,2025-05-25,2025-06-24,R03067,Medium,Overdue
C1299,Data Protection Control 1299,Data Protection,Preventive,N. Silva,Monthly,0,Effective,Effective,25,0,2025-07-24,2025-08-23,R01236,None,Overdue
C1300,Change Management Control 1300,Change Management,Detective,R. Gunawardena,Quarterly,0,Effective,Needs Improvement,5,1,2025-06-12,2025-09-10,R03706,Medium,Overdue
C1301,Third-Party Risk Control 1301,Third-Party Risk,Preventive,K. Fernando,Annual,0,Effective,Not Tested,10,4,2025-05-06,2026-05-06,R03203,Medium,Overdue
C1302,Data Protection Control 1302,Data Protection,Corrective,M. Wijesinghe,Quarterly,0,Effective,Effective,40,0,2025-10-25,2026-01-23,R00961,None,Overdue
C1303,Vulnerability Management Control 1303,Vulnerability Management,Detective,M. Wijesinghe,Quarterly,1,Needs Improvement,Effective,25,0,2026-02-20,2026-05-21,R03417,None,Overdue
C1304,Incident Response Control 1304,Incident Response,Preventive,D. Senanayake,Semi-Annual,1,Effective,Needs Improvement,20,8,2025-04-18,2025-10-15,R02711,Low,Overdue
C1305,Change Management Control 1305,Change Management,Preventive,R. Gunawardena,Semi-Annual,1,Effective,Not Tested,5,2,2025-10-05,2026-04-03,R04862,Medium,Overdue
C1306,Access Control Control 1306,Access Control,Detective,N. Silva,Quarterly,1,Effective,Not Tested,15,7,2026-04-25,2026-07-24,R00420,Low,Overdue
C1307,Access Control Control 1307,Access Control,Preventive,R. Gunawardena,Monthly,1,Effective,Effective,25,0,2025-03-19,2025-04-18,R04168,None,Overdue
C1308,Security Awareness Control 1308,Security Awareness,Preventive,D. Senanayake,Semi-Annual,1,Effective,Effective,25,0,2025-06-05,2025-12-02,R03930,None,Overdue
C1309,Incident Response Control 1309,Incident Response,Preventive,R. Gunawardena,Quarterly,0,Effective,Ineffective,10,4,2025-04-18,2025-07-17,R04343,Low,Overdue
C1310,Change Management Control 1310,Change Management,Preventive,R. Gunawardena,Semi-Annual,1,Effective,Effective,40,0,2025-10-28,2026-04-26,R04908,None,Overdue
C1311,Security Awareness Control 1311,Security Awareness,Preventive,K. Fernando,Quarterly,1,Effective,Not Tested,5,1,2026-01-15,2026-04-15,R01725,Low,Overdue
C1312,Security Awareness Control 1312,Security Awareness,Detective,T. Karunaratne,Monthly,1,Needs Improvement,Effective,20,0,2025-08-05,2025-09-04,R01575,None,Overdue
C1313,Business Continuity Control 1313,Business Continuity,Detective,S. Jayasinghe,Semi-Annual,1,Effective,Effective,10,0,2025-05-22,2025-11-18,R03264,None,Overdue
C1314,Security Awareness Control 1314,Security Awareness,Detective,K. Fernando,Semi-Annual,1,Needs Improvement,Effective,20,0,2026-07-20,2027-01-16,R04295,None,Scheduled
C1315,Incident Response Control 1315,Incident Response,Preventive,A. Perera,Annual,0,Needs Improvement,Effective,30,0,2025-11-30,2026-11-30,R00124,None,Scheduled
C1316,Change Management Control 1316,Change Management,Preventive,T. Karunaratne,Annual,0,Ineffective,Needs Improvement,30,5,2025-05-03,2026-05-03,R02952,Medium,Overdue
C1317,Incident Response Control 1317,Incident Response,Corrective,K. Fernando,Semi-Annual,0,Effective,Needs Improvement,30,3,2025-11-23,2026-05-22,R01036,Critical,Overdue
C1318,Data Protection Control 1318,Data Protection,Detective,A. Perera,Monthly,0,Ineffective,Needs Improvement,25,5,2025-11-03,2025-12-03,R02391,Medium,Overdue
C1319,Business Continuity Control 1319,Business Continuity,Detective,R. Gunawardena,Monthly,0,Effective,Effective,10,0,2026-07-01,2026-07-31,R01721,None,Overdue
C1320,Change Management Control 1320,Change Management,Preventive,N. Silva,Quarterly,0,Needs Improvement,Effective,15,0,2026-08-19,2026-11-17,R04067,None,Scheduled
C1321,Third-Party Risk Control 1321,Third-Party Risk,Preventive,N. Silva,Semi-Annual,1,Needs Improvement,Ineffective,10,1,2025-06-16,2025-12-13,R02042,High,Overdue
C1322,Incident Response Control 1322,Incident Response,Detective,R. Gunawardena,Quarterly,1,Needs Improvement,Needs Improvement,25,2,2026-05-09,2026-08-07,R00504,Medium,Overdue
C1323,Security Awareness Control 1323,Security Awareness,Preventive,D. Senanayake,Semi-Annual,0,Effective,Effective,20,0,2025-03-13,2025-09-09,R02786,None,Overdue
C1324,Data Protection Control 1324,Data Protection,Detective,D. Senanayake,Annual,1,Needs Improvement,Effective,20,0,2025-03-15,2026-03-15,R03578,None,Overdue
C1325,Access Control Control 1325,Access Control,Detective,K. Fernando,Monthly,0,Effective,Ineffective,30,12,2025-08-22,2025-09-21,R00258,High,Overdue
C1326,Data Protection Control 1326,Data Protection,Detective,D. Senanayake,Quarterly,1,Ineffective,Effective,15,0,2025-06-16,2025-09-14,R02572,None,Overdue
C1327,Business Continuity Control 1327,Business Continuity,Preventive,R. Gunawardena,Quarterly,0,Effective,Effective,40,0,2025-05-06,2025-08-04,R01198,None,Overdue
C1328,Data Protection Control 1328,Data Protection,Preventive,S. Jayasinghe,Annual,1,Effective,Needs Improvement,25,6,2025-03-23,2026-03-23,R03720,High,Overdue
C1329,Data Protection Control 1329,Data Protection,Detective,T. Karunaratne,Continuous,0,Effective,Effective,25,0,2025-08-15,2025-09-14,R04457,None,Overdue
C1330,Change Management Control 1330,Change Management,Detective,M. Wijesinghe,Semi-Annual,0,Effective,Effective,40,0,2026-08-04,2027-01-31,R02287,None,Scheduled
C1331,Access Control Control 1331,Access Control,Preventive,N. Silva,Continuous,1,Needs Improvement,Effective,20,0,2025-12-19,2026-01-18,R03387,None,Overdue
C1332,Third-Party Risk Control 1332,Third-Party Risk,Preventive,A. Perera,Semi-Annual,1,Effective,Effective,5,0,2025-04-05,2025-10-02,R04478,None,Overdue
C1333,Vulnerability Management Control 1333,Vulnerability Management,Preventive,M. Wijesinghe,Monthly,0,Needs Improvement,Effective,15,0,2026-08-15,2026-09-14,R03291,None,Scheduled
C1334,Business Continuity Control 1334,Business Continuity,Corrective,M. Wijesinghe,Quarterly,1,Effective,Effective,5,0,2026-06-23,2026-09-21,R01715,None,Scheduled
C1335,Third-Party Risk Control 1335,Third-Party Risk,Detective,D. Senanayake,Continuous,0,Effective,Effective,30,0,2025-08-16,2025-09-15,R02507,None,Overdue
C1336,Third-Party Risk Control 1336,Third-Party Risk,Preventive,R. Gunawardena,Quarterly,1,Effective,Needs Improvement,40,5,2025-05-15,2025-08-13,R02659,Low,Overdue
C1337,Change Management Control 1337,Change Management,Corrective,K. Fernando,Quarterly,1,Needs Improvement,Not Tested,20,5,2026-08-03,2026-11-01,R02048,Critical,Scheduled
C1338,Vulnerability Management Control 1338,Vulnerability Management,Preventive,S. Jayasinghe,Quarterly,1,Effective,Needs Improvement,40,11,2025-03-10,2025-06-08,R03729,High,Overdue
C1339,Third-Party Risk Control 1339,Third-Party Risk,Detective,D. Senanayake,Continuous,0,Effective,Ineffective,5,1,2025-11-05,2025-12-05,R04930,Medium,Overdue
C1340,Data Protection Control 1340,Data Protection,Preventive,A. Perera,Quarterly,1,Needs Improvement,Effective,10,0,2025-12-04,2026-03-04,R01950,None,Overdue
C1341,Change Management Control 1341,Change Management,Preventive,M. Wijesinghe,Annual,1,Effective,Effective,20,0,2025-10-09,2026-10-09,R01764,None,Scheduled
C1342,Data Protection Control 1342,Data Protection,Detective,S. Jayasinghe,Quarterly,0,Effective,Needs Improvement,20,8,2025-07-11,2025-10-09,R02376,High,Overdue
C1343,Security Awareness Control 1343,Security Awareness,Detective,M. Wijesinghe,Continuous,1,Effective,Effective,20,0,2025-06-26,2025-07-26,R02916,None,Overdue
C1344,Incident Response Control 1344,Incident Response,Preventive,N. Silva,Semi-Annual,0,Effective,Needs Improvement,20,7,2026-03-06,2026-09-02,R01001,Low,Scheduled
C1345,Security Awareness Control 1345,Security Awareness,Preventive,D. Senanayake,Monthly,1,Effective,Effective,40,0,2025-12-15,2026-01-14,R03217,None,Overdue
C1346,Access Control Control 1346,Access Control,Preventive,A. Perera,Semi-Annual,1,Needs Improvement,Ineffective,5,2,2026-01-25,2026-07-24,R02570,Low,Overdue
C1347,Third-Party Risk Control 1347,Third-Party Risk,Preventive,T. Karunaratne,Quarterly,0,Effective,Effective,20,0,2025-11-25,2026-02-23,R01383,None,Overdue
C1348,Business Continuity Control 1348,Business Continuity,Corrective,D. Senanayake,Quarterly,1,Effective,Effective,20,0,2025-03-10,2025-06-08,R01911,None,Overdue
C1349,Business Continuity Control 1349,Business Continuity,Detective,A. Perera,Quarterly,0,Needs Improvement,Effective,10,0,2025-06-22,2025-09-20,R03877,None,Overdue
C1350,Access Control Control 1350,Access Control,Detective,R. Gunawardena,Continuous,1,Effective,Effective,40,0,2026-08-11,2026-09-10,R00102,None,Scheduled
C1351,Change Management Control 1351,Change Management,Preventive,R. Gunawardena,Monthly,1,Effective,Effective,5,0,2026-05-19,2026-06-18,R03549,None,Overdue
C1352,Access Control Control 1352,Access Control,Preventive,M. Wijesinghe,Quarterly,0,Effective,Effective,15,0,2026-06-30,2026-09-28,R04860,None,Scheduled
C1353,Data Protection Control 1353,Data Protection,Preventive,M. Wijesinghe,Quarterly,1,Effective,Effective,25,0,2026-08-10,2026-11-08,R04688,None,Scheduled
C1354,Incident Response Control 1354,Incident Response,Detective,T. Karunaratne,Continuous,1,Effective,Effective,25,0,2025-08-08,2025-09-07,R01043,None,Overdue
C1355,Vulnerability Management Control 1355,Vulnerability Management,Corrective,D. Senanayake,Semi-Annual,0,Effective,Not Tested,30,9,2026-05-17,2026-11-13,R02671,High,Scheduled
C1356,Access Control Control 1356,Access Control,Preventive,S. Jayasinghe,Monthly,0,Effective,Needs Improvement,30,3,2025-03-18,2025-04-17,R00269,Low,Overdue
C1357,Incident Response Control 1357,Incident Response,Detective,R. Gunawardena,Monthly,1,Effective,Effective,25,0,2025-10-24,2025-11-23,R02626,None,Overdue
C1358,Data Protection Control 1358,Data Protection,Detective,T. Karunaratne,Continuous,1,Effective,Effective,20,0,2025-07-11,2025-08-10,R04398,None,Overdue
C1359,Access Control Control 1359,Access Control,Preventive,D. Senanayake,Quarterly,1,Effective,Effective,25,0,2026-07-08,2026-10-06,R04903,None,Scheduled
C1360,Change Management Control 1360,Change Management,Preventive,A. Perera,Monthly,0,Effective,Effective,40,0,2026-08-18,2026-09-17,R04640,None,Scheduled
C1361,Business Continuity Control 1361,Business Continuity,Preventive,M. Wijesinghe,Semi-Annual,1,Effective,Needs Improvement,10,1,2025-03-31,2025-09-27,R04882,Medium,Overdue
C1362,Incident Response Control 1362,Incident Response,Detective,A. Perera,Monthly,1,Effective,Effective,5,0,2025-03-17,2025-04-16,R03314,None,Overdue
C1363,Change Management Control 1363,Change Management,Preventive,K. Fernando,Monthly,1,Effective,Effective,25,0,2025-06-03,2025-07-03,R02162,None,Overdue
C1364,Third-Party Risk Control 1364,Third-Party Risk,Corrective,R. Gunawardena,Quarterly,0,Ineffective,Effective,10,0,2026-08-20,2026-11-18,R03542,None,Scheduled
C1365,Access Control Control 1365,Access Control,Preventive,D. Senanayake,Annual,1,Effective,Ineffective,15,6,2026-08-30,2027-08-30,R03106,Low,Scheduled
C1366,Access Control Control 1366,Access Control,Preventive,K. Fernando,Monthly,1,Effective,Needs Improvement,20,5,2025-07-07,2025-08-06,R02708,Medium,Overdue
C1367,Incident Response Control 1367,Incident Response,Preventive,D. Senanayake,Continuous,1,Needs Improvement,Effective,40,0,2025-12-26,2026-01-25,R02988,None,Overdue
C1368,Incident Response Control 1368,Incident Response,Detective,T. Karunaratne,Semi-Annual,1,Effective,Not Tested,20,8,2025-03-25,2025-09-21,R01783,Medium,Overdue
C1369,Business Continuity Control 1369,Business Continuity,Preventive,N. Silva,Monthly,0,Needs Improvement,Effective,40,0,2026-06-26,2026-07-26,R04546,None,Overdue
C1370,Data Protection Control 1370,Data Protection,Detective,K. Fernando,Quarterly,0,Effective,Ineffective,25,10,2025-04-13,2025-07-12,R00128,Medium,Overdue
C1371,Business Continuity Control 1371,Business Continuity,Detective,D. Senanayake,Annual,1,Effective,Not Tested,25,7,2026-07-17,2027-07-17,R00461,Low,Scheduled
C1372,Business Continuity Control 1372,Business Continuity,Detective,T. Karunaratne,Semi-Annual,1,Needs Improvement,Effective,10,0,2025-04-13,2025-10-10,R03618,None,Overdue
C1373,Business Continuity Control 1373,Business Continuity,Preventive,D. Senanayake,Quarterly,1,Needs Improvement,Effective,10,0,2026-07-06,2026-10-04,R04368,None,Scheduled
C1374,Incident Response Control 1374,Incident Response,Preventive,K. Fernando,Quarterly,1,Effective,Effective,40,0,2025-11-21,2026-02-19,R03671,None,Overdue
C1375,Incident Response Control 1375,Incident Response,Corrective,N. Silva,Continuous,0,Effective,Effective,5,0,2025-03-22,2025-04-21,R03066,None,Overdue
C1376,Change Management Control 1376,Change Management,Preventive,A. Perera,Semi-Annual,0,Effective,Ineffective,10,3,2025-10-15,2026-04-13,R02179,Medium,Overdue
C1377,Third-Party Risk Control 1377,Third-Party Risk,Detective,A. Perera,Continuous,1,Effective,Not Tested,10,4,2025-06-03,2025-07-03,R00278,Low,Overdue
C1378,Security Awareness Control 1378,Security Awareness,Detective,M. Wijesinghe,Monthly,0,Effective,Effective,40,0,2026-01-12,2026-02-11,R03333,None,Overdue
C1379,Change Management Control 1379,Change Management,Preventive,T. Karunaratne,Quarterly,0,Effective,Ineffective,10,1,2026-08-14,2026-11-12,R00966,Medium,Scheduled
C1380,Access Control Control 1380,Access Control,Preventive,K. Fernando,Continuous,1,Needs Improvement,Effective,40,0,2025-09-24,2025-10-24,R02253,None,Overdue
C1381,Change Management Control 1381,Change Management,Detective,N. Silva,Quarterly,0,Ineffective,Effective,25,0,2025-11-20,2026-02-18,R02402,None,Overdue
C1382,Access Control Control 1382,Access Control,Preventive,D. Senanayake,Annual,0,Needs Improvement,Not Tested,10,2,2026-03-30,2027-03-30,R02966,Low,Scheduled
C1383,Change Management Control 1383,Change Management,Detective,S. Jayasinghe,Quarterly,0,Effective,Effective,40,0,2026-04-12,2026-07-11,R03315,None,Overdue
C1384,Change Management Control 1384,Change Management,Preventive,S. Jayasinghe,Quarterly,1,Effective,Needs Improvement,5,2,2025-09-12,2025-12-11,R04626,High,Overdue
C1385,Business Continuity Control 1385,Business Continuity,Detective,A. Perera,Annual,0,Effective,Needs Improvement,30,3,2025-03-12,2026-03-12,R02593,Low,Overdue
C1386,Security Awareness Control 1386,Security Awareness,Preventive,D. Senanayake,Monthly,0,Effective,Effective,25,0,2026-02-07,2026-03-09,R04209,None,Overdue
C1387,Security Awareness Control 1387,Security Awareness,Detective,K. Fernando,Continuous,1,Needs Improvement,Effective,20,0,2026-05-27,2026-06-26,R04360,None,Overdue
C1388,Security Awareness Control 1388,Security Awareness,Preventive,K. Fernando,Quarterly,1,Effective,Not Tested,15,3,2025-09-24,2025-12-23,R01686,Critical,Overdue
C1389,Access Control Control 1389,Access Control,Preventive,S. Jayasinghe,Monthly,0,Effective,Effective,15,0,2026-04-28,2026-05-28,R00513,None,Overdue
C1390,Vulnerability Management Control 1390,Vulnerability Management,Preventive,N. Silva,Semi-Annual,0,Effective,Effective,25,0,2025-05-26,2025-11-22,R03697,None,Overdue
C1391,Security Awareness Control 1391,Security Awareness,Preventive,K. Fernando,Continuous,1,Effective,Needs Improvement,40,5,2026-02-05,2026-03-07,R04753,Medium,Overdue
C1392,Access Control Control 1392,Access Control,Preventive,T. Karunaratne,Annual,0,Effective,Effective,15,0,2025-10-21,2026-10-21,R00258,None,Scheduled
C1393,Change Management Control 1393,Change Management,Preventive,A. Perera,Annual,1,Effective,Effective,25,0,2025-08-12,2026-08-12,R03069,None,Overdue
C1394,Third-Party Risk Control 1394,Third-Party Risk,Preventive,N. Silva,Monthly,1,Effective,Effective,10,0,2025-05-01,2025-05-31,R00043,None,Overdue
C1395,Access Control Control 1395,Access Control,Detective,A. Perera,Semi-Annual,0,Effective,Needs Improvement,20,3,2026-01-23,2026-07-22,R00364,High,Overdue
C1396,Business Continuity Control 1396,Business Continuity,Detective,S. Jayasinghe,Annual,1,Effective,Effective,25,0,2026-06-02,2027-06-02,R00776,None,Scheduled
C1397,Vulnerability Management Control 1397,Vulnerability Management,Detective,D. Senanayake,Monthly,1,Effective,Effective,25,0,2026-07-26,2026-08-25,R04499,None,Overdue
C1398,Security Awareness Control 1398,Security Awareness,Preventive,R. Gunawardena,Annual,0,Ineffective,Effective,5,0,2026-01-11,2027-01-11,R02898,None,Scheduled
C1399,Vulnerability Management Control 1399,Vulnerability Management,Preventive,R. Gunawardena,Annual,0,Effective,Needs Improvement,40,4,2025-08-14,2026-08-14,R00786,Medium,Overdue
C1400,Incident Response Control 1400,Incident Response,Preventive,N. Silva,Annual,0,Ineffective,Effective,40,0,2026-04-05,2027-04-05,R01663,None,Scheduled
